ID,SMILES,VALUE_p
1,CC(=C1CCN(C2CCN(C(=O)C3=CC=CC(C)=C3N)CC2)CC1)C1=CC=C([S+]([O-])C(C)C)C=C1,8.180456064
2,NCC1=CC=CC(NC(=O)C(O)(C2=CC=CC=C2)C2CCC(F)(F)C2)=C1,5.537602002
3,CC(C)(C)C1=CC=C(C(=O)CCCN2CCC(OC(C3=CC=CC=C3)C3=CC=CC=C3)CC2)C=C1,6.553618188
4,CCC1=CC=C(C(=O)C(C)CN2CCCCC2)C=C1,6.080398976
5,C=C(C1=CC=C(S(=O)(=O)C2=CC=C(OC)C=C2)C=C1)C1CCN(C2CCN(C(=O)OC)CC2)CC1,9.004014002
6,COC1=CC=CC=C1CNCCCCCCN1CCC(CCC2CCN(CCCCCCNCC3=CC=CC=C3OC)CC2)CC1,8.219970873
7,CCCC(C)(C)C(=O)N(CC)CCCC1CCN(CC(=O)N2C3=CC=CC=C3NC(=O)C3=CC=CC=C32)CC1,8.100015437
8,CC(=O)NC(CC1=CC=C(O)C=C1)C(=O)NC(C)C(=O)NC(CCCCN)C(=O)NCCN1CCN(CCCCC2CCN(CC(=O)N3C4=CC=CC=C4NC(=O)C4=CC=CC=C43)CC2)CC1,9.940058112
9,CC1OC(C2CCC[N+]2(C)C)C[S+]1[O-],4.289999986
10,C=C(C1=CC=C(S(=O)(=O)C2=CC=C(OC)C=C2)C=C1)C1CCN(C2CCN(C(=O)OCC)CC2)CC1,10.15490196
11,CN(C)CCOC(=O)C1=C(CC2=CC=CC=N2)C2=CC=CC=C2C1,5.30999984
12,CCOC(=O)N1CCC(N2CCC(C3(C4=CC=C(S(=O)(=O)C5=CC=C6OCOC6=C5)C=C4)OCCO3)CC2)CC1,10.13667714
13,CCOC(=O)N1CCC(N2CCC(C(=O)C3=CC=C(S(=O)(=O)C4=CC=C(OC)C=C4)C=C3)CC2)CC1,8.536107011
14,CCOC(=O)N1CCC(N2CCC(C3(C4=CC=C(S(=O)(=O)C5=CC=C(OC)C=C5)C=C4)SCCCS3)CC2)CC1,7.844663963
15,CCN(CC)CCOC(=O)C(CC)(C1=CC=CC=C1)C1=CC=CC=C1,6.614393726
16,CCNC(=O)N1CCC(N2CCN(C(C)C3=CC=C(S(=O)(=O)C4=CC=C5OCOC5=C4)C=C3)C(C)C2)CC1,8.602059991
17,C[N+](C)(C)CCCCCC[N+]1(C)C2CCC1CC(OC(=O)C(CO)C1=CC=CC=C1)C2,7.260032303
18,C[N+]1(C)C2CC(OC(=O)C(CO)C3=CC=CC=C3)CC1C1OC12,8.929962133
19,ClC1=CC=C2OC3=CC=CC=C3N=C(N3CCNCC3)C2=C1,6.030118356
20,CC1(C(=O)OC2CN3CCC2CC3)COCC(C2=CC=CC=C2)(C2=CC=CC=C2)O1,5.809999052
21,O=C1CCC2=CC=CC=C2N1CCCN1CCC(CCCCCCCO)CC1,6.679999196
22,O=C1CCC2=CC=CC=C2N1CCCN1CCC(CCCCCCCCCCCO)CC1,6.379999358
23,CN1CCC=C(C2=NSN=C2OCCCCCCCCCOC2=NSN=C2C2=CCCN(C)C2)C1,8.500038134
24,CCN(CC)CCCCC1CCN(CC(=O)N2C3=CC=CC=C3C(=O)NC3=CC=CN=C32)CC1,8.369979149
25,CC(=O)NC(CCCCN)C(=O)NC(C)C(=O)NC(CCCNC(=N)N)C(=O)NCCN1CCN(CCCCC2CCN(CC(=O)N3C4=CC=CC=C4NC(=O)C4=CC=CC=C43)CC2)CC1,10.10001544
26,CC(=O)NC(CCCCN)C(=O)NC(CCCNC(=N)N)C(=O)NCCN1CCN(CCCCC2CCN(CC(=O)N3C4=CC=CC=C4NC(=O)C4=CC=CC=C43)CC2)CC1,10.19997064
27,CC(=O)NC(C)C(=O)NC(C)C(=O)NCCCCC1CCN(CC(=O)N2C3=CC=CC=C3NC(=O)C3=CC=CC=C32)CC1,7.639974911
28,CC(=O)NC(CCCNC(=N)N)C(=O)NC(CCCNC(=N)N)C(=O)NCCCCC1CCN(CC(=O)N2C3=CC=CC=C3NC(=O)C3=CC=CC=C32)CC1,8.770062314
29,N=C(N)NCCCC(N)C(=O)NCCCCC1CCN(CC(=O)N2C3=CC=CC=C3NC(=O)C3=CC=CC=C32)CC1,8.270025714
30,CC(=O)NC(CCCNC(=N)N)C(=O)NCCCCC1CCN(CC(=O)N2C3=CC=CC=C3NC(=O)C3=CC=CC=C32)CC1,7.950007143
31,CCCCCCCCCCCCCCCC[N+]1=CC=CC=C1,7.387216143
32,CC1=CC(C=CC=CC2=CC=C(N(C)C)C=C2)=CC(C)=[N+]1CCCCC1CCN(CC(=O)N2C3=CC=CC=C3NC(=O)C3=CC=CC=C32)CC1,7.770062314
33,C[N+](C)(CCCCCC[N+]1(C)C2CC(OC(=O)C(CO)C3=CC=CC=C3)CC1C1OC12)CCCN1C(=O)C2=CC=CC=C2C1=O,7.299988938
34,C[N+]1(C)C2CC(OC(=O)C(O)(C3=CC=CS3)C3=CC=CS3)CC1C1OC12,10.66756154
35,CC1=NC(C2=CC=CC=C2)=NC(C)=C1C(=O)N1CCC(C)(N2CCN(C(C)C3=CC=C(C(F)(F)F)C=C3)C(C)C2)CC1,5.911863911
36,CC(C)SC1=CC=C(CC2CCN(C3CCN(C(=O)C4=CC=CC=C4C4=CC=CC=C4)CC3)CC2)C=C1,6.602059991
37,CCCN(CCC)CC1CCCCN1CCNC(=O)N1C2=CC=CC=C2C(=O)NC2=CC=CN=C21,8.219970873
38,OC1(C2=CC=CC=N2)CN2CCC1CC2,4.698970004
39,CCOC(O)=C1CN2CC(CCC2COCC2=CC=CC=C2)C1=O,7.096910013
40,CC(C)N1CCN(C2=CC=C(OCC3COC(CN4C=NC=N4)(C4=CC=C(Cl)C=C4Cl)O3)C=C2)CC1,5.338187314
41,CC(=O)NC(CCCCN)C(=O)NC(CC1=CC=C(O)C=C1)C(=O)NCCN1CCN(CCCCC2CCN(CC(=O)N3C4=CC=CC=C4NC(=O)C4=CC=CC=C43)CC2)CC1,10.10001544
42,CC(C)SC1=CC=C(CC2CCN(C3CCN(C(=O)C4=CN=NC5=CC=CC=C45)CC3)CC2)C=C1,6.591760035
43,CC(C)NC(=O)C1=CC=C(CC2CCN(C3CCN(C(=O)C4=CC=CC5=C(F)C=C(F)C=C45)CC3)CC2)C=C1,8.301029996
44,CCNC(=NS(=O)(=O)C1=CC=CC(Cl)=C1)N1CC2(C=N1)CCNCC2,5
45,C[N+](C)(C)CC#CCOC(=O)NC1=CC=CC(Cl)=C1,5.48999954
46,CC1OCC(C[N+](C)(C)C)O1,5.920001602
47,NCCCCC1CCN(CC(=O)N2C3=CC=CC=C3NC(=O)C3=CC=CC=C32)CC1,7.969805215
48,CCCCCC1CCN(CCCN2C(=O)CCC3=CC=CC=C32)CC1,6.250001023
49,O=C1CCC2=CC=CC=C2N1CCCN1CCN(CCC2=CC=CC=C2)CC1,5.749999856
50,CC(C)SC1=CC=C(CC2CCN(C3CCN(C(=O)C4=CC=CC5=NC=CC=C45)CC3)CC2)C=C1,9
51,O=C(C1=CC=CC2=CC=CC=C12)N1CCC(N2CCC(CC3=CC=C(SCCO)C=C3)CC2)CC1,7.585026652
52,CN1CCC(C2=CC=CC=C2F)=C(C(=O)OCCC2=CC=C3OCCC3=C2)C1,6.26760624
53,O=C1NC(C2=CC=CC=C2)(C2=CC=CC=C2)CN1C1CCN(CCCC2=CC=CC=C2)CC1,5.774432287
54,O=C1NC(C2=CC=CC=C2)(C2CCCCC2)CN1C1CCN(CC2=CC=CC=C2)CC1,7.134896025
55,O=C1NC(C2=CC=CS2)(C2=CC=CS2)CN1C1CCN(CC2=CC=CC(F)=C2)CC1,6.728158393
56,O=C(NCC1CCNCC1)C1CCCN1C(=O)C1CC(O)CN1C(=O)CC(C1=CC=CC=C1)(C1=CC=CC=C1)C1=CC=CC=C1,5.522878745
57,O=C(NCC1CCN(CC2CC2)CC1)C1CCCN1C(=O)C1CC(O)CN1C(=O)CC(C1=CC=C(F)C=C1)(C1=CC=C(F)C=C1)C1=CC=C(F)C=C1,7.13667714
58,O=C(NCCC1CCNCC1)C1CCCN1C(=O)C1CC(O)CN1C(=O)CC(C1=CC=C(Cl)C=C1)(C1=CC=C(Cl)C=C1)C1=CC=C(Cl)C=C1,7.026872146
59,CCOC(=O)C1=C(C)NC2=CC=C3OC4C5=CC=C(SC)C=C5CCN4CC3=C12,5.660000322
60,CCCC1=C(C(=O)OCC)C2=C3CN4CCC5=CC(SC)=CC=C5C4OC3=CC=C2N1,5.839999931
61,CC1OC(=O)C2CC3CCCCC3C(C=CC3CCCC(C)N3C)C12,8
62,COC1=CC=CC=C1CC[N+](C)(C)C,5.244125144
63,COC1=CC=CC(C#CC[N+](C)(C)C)=C1,4.301029996
64,COC1=CC=CC2=C1CC[N+](C)(C)C2,4.585026652
65,CNCCC1=CC=CC(OC)=C1,6
66,C1=CN=CC(COCC2CCNC2)=C1,4.958607315
67,O=C(NC1CCN(CC2CCCCCCC2)CC1)C(O)(C1=CC=CC=C1)C1CCCC1,5.026872146
68,COC1=CC=CC=C1C(=O)C1=CN2CCC1CC2,5.769551079
69,NC1=CC=CC(CN2CCC(NC(=O)C(O)(C3=CC=CC=C3)C3CCC(F)(F)C3)CC2)=N1,6.27572413
70,C[N+](C)(C)CCOC(N)=O,7.420216403
71,COC1=CC=CC=C1C(O)C1=CN2CCC1CC2,5.657577319
72,CC(C1=C(CN(C)C(C)C)CC2=CC=CC=C12)C1=CC=CC=N1,7.289967301
73,C1=CC=C2C(=C1)C(=C1CN3CCC1CC3)C1=CC=CC=C12,7.008773924
74,CC(C)NC(=O)C1=CC=C(CC2CCN(C3CCN(C(=O)C4=CC=C5NC=CC5=C4)CC3)CC2)C=C1,8.301029996
75,CN1CCN(C2=NC3=CC(Cl)=CC=C3NC3=CC=CC=C23)CC1,7
76,CCS(=O)(=O)N1CCC(N2CCN(C(C)C3=CC=C(S(=O)(=O)C4=CC=C5OCOC5=C4)C=C3)C(C)C2)CC1,9.15490196
77,CN(C)CCC1=C(CC2=CC=CN=C2)C2=CC=CC=C2C1,5.269999835
78,O=C(OC1C[N+]2(CCCC3=CC=CC=C3)CCC1CC2)C(O)(C1=CC=CC=C1)C1=CC=CC=C1,7.167491087
79,C[N+]1(C)CCCC1C1=CC=C(C(O)(C2=CC=CC=C2)C2CCCCC2)O1,6.119998612
80,CC1=CC=CC(C)=C1C(=O)N1CCC(N2CCN(CC3=CC=C(CC4=CC=C5OCOC5=C4)C=C3)CC2)CC1,6.303643611
81,CCCS(=O)(=O)N1CCC(N2CCC(C3(C4=CC=C([S+]([O-])C5=CC=C6OCOC6=C5)C=C4)OCCO3)CC2)CC1,9.084600165
82,CCOC(=O)N1CCC(N2CCC(C3(C4=CC=C(S(=O)(=O)C5=CC=C(OC)C=C5)C=C4)OCCCO3)CC2)CC1,9.142667504
83,CC1CN(CCCC2C3CCCCC3CC3C(=O)OC(C)C32)C(C)CN1,6.244125144
84,O=C(C1=CC=CO1)N(C1=CC=CC=C1)C1CCN(CC2=CC=CC=C2)CC1,6.099999035
85,CCCN(CCC)CC1CCCCN1CCNC(=O)N1C2=CC=CC=C2NC(=O)C2=CC=CN=C21,8.309981219
86,COC1=CC=C(S(=O)(=O)C2=CC=C(C(C)N3CCN(C4CCCCC4)C(C)C3)C=C2)C=C1,10.39794001
87,C=C(C1=CC=C(S(=O)(=O)C2=CC=C(OC)C=C2)C=C1)C1CCN(C2CCN(S(=O)(=O)CC)CC2)CC1,9.337242168
88,CC(C)SC1=CC=C(CC2CCN(C3CCN(C(=O)C4=CC=CO4)CC3)CC2)C=C1,6.034798299
89,CC(C)SC1=CC=C(CC2CCN(C3CCN(C(=O)C4=CC=CC5=CC=CN=C45)CC3)CC2)C=C1,6.591760035
90,CC1=CN=CC(C)=C1C(=O)N1CCC(C)(N2CCN(C(C)C3=CC=C(C(F)(F)F)C=C3)C(C)C2)CC1,5.775208044
91,OC1(C2=CN3CCC2CC3)C2=CC=CC=C2CCC2=CC=CC=C21,5.619788758
92,CN(C)CC1COCC(C2=CC=CC=C2)(C2=CC=CC=C2)O1,7.779891912
93,C[N+](C)(C)CC1COCC(C(C2=CC=CC=C2)C2=CC=CC=C2)O1,4.549999989
94,CC1=NC=NC(C)=C1C(=O)N1CCC(C)(N2CCN(C(C)C3=CC=C(OC(F)(F)F)C=C3)C(C)C2)CC1,7.167491087
95,COC1=CC=CC=C1CNCCCCCCNCCCCCCCCNCCCCCCNCC1=CC=CC=C1OC,9.22184875
96,CC(C)[N+]1(C)C2CCC1CC(OC(=O)C(CO)C1=CC=CC=C1)C2,9.384049948
97,OCCOCCN1CCN(C2=NC3=CC=CC=C3SC3=CC=CC=C23)CC1,5.924745099
98,CN(C)C1(CNCCC2CCSCC2)COC2=CC=CC=C2OC1,8.142667504
99,CN(C)C1(CNCCC23CC4CC(CC(C4)C2)C3)COC2=CC=CC=C2OC1,9.180456064
100,CN(C)C1(CNCCC2CCCCCC2)COC2=CC=CC=C2OC1,8.698970004
101,CC(C)C1=CC=C(CCNCC2(N(C)C)COC3=CC=CC=C3OC2)C=C1,7.356547324
102,CN(C)C1(CNCCC2=CC=C(Cl)C=C2)COC2=CC=CC=C2OC1,7.30980392
103,CC1=CC=C(CCNCC2(N(C)C)COC3=CC=CC=C3OC2)C=C1,7.318758763
104,CC1OC(=O)C2CC3CCCCC3C(CCCN3CCN(C4CCCCC4)CC3)C12,6.283996656
105,CCN(CC)CCOC(=O)C(C)(C1=CC=CC=C1)C1CCCCC1,7.630784143
106,O=C1NC(C2=CC=CC=C2)(C2=CC=CC=C2)CN1C1CCN(CC2=CC=CC=C2)CC1,7.096367484
107,C[N+]1(C)CCCC1C1CSC(C2=CC=CC=C2)(C2=CC=CC=C2)O1,9.33003263
108,C[N+]1(C)CCC(N2CC(C3=CC=CC=C3)(C3=CC=CC=C3)NC2=O)CC1,5.742321425
109,C[N+]1(CC(=O)C2=CSC=C2)CCC(N2CC(C3=CC=C(F)C=C3)(C3=CC=C(F)C=C3)NC2=O)C1,7.053056729
110,C[N+]1(CCOC2=CC=CC=C2)CCC(N2CC(C3=CC=CC=C3)(C3=CC=CC=C3)NC2=O)C1,6.804100348
111,CC1=CC=C(O)C(C(CCN(C(C)C)C(C)C)C2=CC=CC=C2)=C1,8.568636236
112,CCCCN(CCCC)C1=CC=C(C=CC2=CC=[N+](CCC[N+](CC)(CC)CC)C=C2)C=C1,7.259637311
113,CC1=CC=CC(N)=C1C(=O)N1CCC(N2CCN(C(C)C3=CC=C(S(=O)(=O)C4=CC=C5OCOC5=C4)C=C3)C(C)C2)CC1,7
114,OC(CCCN1CCCCC1)(C1=CC=CC=C1)C1=CC=CC=C1,6.562249437
115,CC(C1=C(CCN(C)C)CC2=CC(Cl)=CC=C12)C1=CC=CC=N1,7.480040819
116,CN(C)CCC(C1=CC=C(Cl)C=C1)C1=CC=CC=N1,5.604324215
117,COC1=CC=C(CCN2C3C4C5CC6C7C5C3C7C2(O)C64)C=C1,6.665546249
118,COC1(C#CC(O)(C2=CSC=C2)C2=CSC=C2)CN2CCC1CC2,9.397940009
119,COC1(C#CC(O)(CC2=CC=CC=C2)CC2=CC=CC=C2)CN2CCC1CC2,5.500175504
120,COC(=O)C1CC2CCCC1N2,6.318758763
121,COC(=O)C1=CCCN(C)C1,7.397940009
122,CC(C)NC(=O)C1=CC=C(C2(C3CCN(C4CCN(C(=O)C5=CC=CC6=C5C=CN6)CC4)CC3)OCCO2)C=C1,8.958607315
123,COC1=CC=C(S(=O)(=O)C2=CC=C(C(C)N3CCN(C4CCCCC4)CC3)C=C2)C=C1,9.22184875
124,CCCCCCCCCCCCCC(=O)NCC(=O)NC(CO)C(=O)OCC1=CC=CC=C1,4.19000002
125,CC1OC(=O)C2CC3CCCCC3C(CCCN3CCCCC3C)C12,6.560667306
126,CN1C2CCCC1C(OC(=O)C1CCCCC1)C2,6.13667714
127,CN(C)CCCOC(=O)C(C)(C1=CC=CC=C1)C1CCCCC1,7.57024772
128,C[N+]1(C)CCCC1C1C[S+]([O-])C(C2=CC=CC=C2)(C2CCCCC2)O1,6.260000691
129,CC1=CC=CC=C1C(OCCN(C)C)C1=CC=CC=C1,6.872895202
130,COC(=O)C1=C(C)N(C)C2=CC=C3OC4C5=CC=C(OC)C=C5CCN4CC3=C12,6.379999358
131,CCCC1=C(C(=O)OCC)C2=C3CN4CCC5=CC(SC)=CC=C5C4OC3=CC=C2N1C,5.420000453
132,CC(C1=CC=C(S(=O)(=O)C2=CC=CC=C2)C=C1)N1CCN(C2=CC=CC=C2)CC1,5.337242168
133,OC1(C2=NC3=CC=CC=C3O2)CN2CCC1CC2,5.036212173
134,COC1=CC=C(S(=O)(=O)C2=CC=C(C3(C4CCN(C5CCN(C(=O)C6=CC=CC7=CC=CC=C67)CC5)CC4)OCCO3)C=C2)C=C1,9.853871964
135,C=C(C1=CC=C(S(=O)(=O)C2=CC=C(OC)C=C2)C=C1)C1CCN(C2CCN(S(=O)(=O)CCCC)CC2)CC1,9.419987887
136,CC1=CC(OCC#CC[N+](C)(C)C)=NO1,7.301029996
137,C[N+](C)(C)CC#CCOC(=O)NC1=CC=C(Cl)C=C1,5.48999954
138,CN(C)CCC1=C(C(C2=CC=CC=C2)C2=CC=CC=N2)C2=CC=CC=C2C1,6.639993868
139,CCCC(C1=C(CCN(C)C)CC2=CC=CC=C12)C1=CC=CC=N1,6.170001911
140,C=C(C1=CC=C(S(=O)(=O)C2=CC=C(OC)C=C2)C=C1)C1CCN(C2CCN(C(=O)OCCC)CC2)CC1,9.229147988
141,CN1CCCC1C1=CC=C(C(O)(C2=CC=CC=C2)C2=CC=CC=C2)O1,7.530030791
142,O=C(OCC1=CC2=C(C=C1)OCO2)N(C1=CC=CC=C1)C1CN2CCC1CC2,7.522878745
143,COC1=CC=C(S(=O)(=O)C2=CC=C(C(=O)C3CCN(C4CCCCC4)CC3)C=C2)C=C1,8.512861625
144,CC1COCC(C[N+](C)(C)C)O1,4.210000001
145,O=C(NC1=CC=CC=C1C1=CC(F)=C(F)C(F)=C1)OCC1CCNCC1,7.552841969
146,CN1C2CC(OC(=O)C(CO)C3=CC=CC=C3)CC1C1OC12,8.022276395
147,CC(=O)OC1CC2CCCC1N2,8.585026652
148,O=C(CCCNC(=O)CNC(=O)CC(C1=CC=CC=C1)(C1=CC=CC=C1)C1=CC=CC=C1)NCC1CCCN(CC2CCCCC2)C1,6.568636236
149,CC1=C[N+]([O-])=CC(C)=C1C(=O)N1CCC(C)(N2CCN(C(C)C3=CC=C(C(F)(F)F)C=C3)C(C)C2)CC1,6.59345982
150,CC(C)SC1=CC=C(CC2CCN(C3CCN(C(=O)C4=CC=CC5=CC=C(F)C=C45)CC3)CC2)C=C1,8.065501549
151,CCOC(O)=C1CN2CCCC(C2)C1=O,5.795880017
152,C1=C(C2=COC=C2)C2CCN1CC2,5.769551079
153,CC1OC(=O)C2CC3CCCCC3C(CCCN3CCC(N4CCCCC4)CC3)C12,6.187086643
154,CCCS(=O)(=O)N1CCC(N2CCC(C3(C4=CC=C([S+]([O-])C5=CC=C6OCOC6=C5)C=C4)CCCO3)CC2)CC1,7.91721463
155,CC1OC(=O)C2CC3CCCCC3C(CCCN3CCN(C(=O)OC(C)(C)C)CC3)C12,6.314258261
156,C1=CC=C2OC(C3CN4CCC3CC4)=CC2=C1,6.698970004
157,CC(C)(CN1C(=O)C2=CC=CC3=CC=CC(=C23)C1=O)C[N+](C)(C)CCCCCC[N+](C)(C)CC#CCOC1=NOCC1,7.840132153
158,CC(C)(CN1C(=O)C2=CC=CC3=CC=CC(=C23)C1=O)C[N+](C)(C)CCCCCC[N+]1(C)C2CCC1CC(OC(=O)C(CO)C1=CC=CC=C1)C2,8.550059011
159,C[N+](C)(C)CCCCCC[N+]1(C)C2CC(OC(=O)C(CO)C3=CC=CC=C3)CC1C1OC12,7.389978975
160,CC1CCC2(CN3CCC2CC3)O1,4.823908741
161,CC1OCC2(CN3CCC2CC3)O1,5.013228266
162,CN(C)C(=O)CSC1=CC=C(CC2CCN(C3CCN(C(=O)C4=CC=CC5=CC=CC=C45)CC3)CC2)C=C1,7.920818754
163,NC(=O)CSC1=CC=C(CC2CCN(C3CCN(C(=O)C4=CC=CC5=CC=CC=C45)CC3)CC2)C=C1,7.744727495
164,NC1=C2CCCCC2=NC2=CC=CC=C12,5.236572006
165,CN(C)CCC1=C(CC2=CC=CC=N2)C2=CC=CC=C2C1,6.630005338
166,COC1=CC=C2C(=C1)CCN1CC3=C(C=CC4=C3C(C(=O)OCC3=CC=CC=C3)=C(C)N4)OC21,5.870000928
167,CCOC1=CC=C2C(C(=O)N3CCC(N4CCC(CC5=CC=C(SC(C)C)C=C5)CC4)CC3)=CC=CC2=C1,7.853871964
168,CC1=CC=C2C(C(C)C3=CC=CC=N3)=C(CCN(C)C)CC2=C1,6.230002696
169,CC(C)SC1=CC=C(CC2CCN(C3CCN(C(=O)C4=CC=NO4)CC3)CC2)C=C1,6.872895202
170,CC1=CC=CC(C(=O)N2CCC(N3CCC(CC4=CC=C(S(=O)(=O)C(C)C)C=C4)CC3)CC2)=C1N,6.982966661
171,CC(C)OC(=O)N1CCC(N2CCC(OC3=CC=C(S(=O)(=O)C4=CC=C5OCOC5=C4)C=C3)CC2)CC1,8.494850022
172,O=C(OC1C[N+]2(CCC3=CC=CC=C3)CCC1CC2)C(O)(C1=CC=CS1)C1=CC=CS1,10.09691001
173,O=C(OC1C[N+]2(CCCOC3=CC=CC=C3)CCC1CC2)C(O)(C1=CC=CS1)C1CCCC1,10.22184875
174,C[N+]1(C)CCCC1C1=CC=CO1,4.84999986
175,CN1CCCC1C1=CC=CO1,4.319999993
176,CC1=CC=C(C2CCCN2)O1,5.48999954
177,C1=COC(C2CCCN2)=C1,4.110000009
178,COC1(C#CC(O)(C2=CC=CS2)C2=CC=CS2)CN2CCC1CC2,9.698970004
179,COC1(C#CC(O)(C2=CC=CC(C)=C2)C2=CC=CC(C)=C2)CN2CCC1CC2,7.301029996
180,C[N+](C)(C)CC1COCC(C2=CC=CC=C2)(C2CCCCC2)O1,7.360015752
181,C[N+](C)(C)CC1COCC(C2=CC=C(C3=CC=CC=C3)C=C2)O1,5.269999835
182,C[N+](C)(C)CC1COCC(C2=CC=C(S(=O)(=O)C3=CC=CC=C3)C=C2)O1,5.130000141
183,CN(C)CC1COCC(C2=CC=CC=C2)(C2CCCCC2)O1,8.100015437
184,CN1C2CCC1CC(CC(CO)(C1=CC=CC=C1)C1=CC=CC=C1)C2,7.89997427
185,CC1=NC(C)=C(C(=O)N2CCC(C)(N3CCN(C(C)C4=CC=C(C(F)(F)F)C=C4)C(C)C3)CC2)C(C)=N1,6.00656377
186,CN(C)CCCCOC(=O)C(C)(C1=CC=CC=C1)C1CCCCC1,6.588380294
187,CC1=CC=CN=C1C(=O)N1CCC(N2CCN(C(C)C3=CC=C(S(=O)(=O)C4=CC=C5OCOC5=C4)C=C3)C(C)C2)CC1,7.113509275
188,NCCC1CCN(C(=O)C(O)(C2=CC=CC=C2)C2CCCC2)CC1,7.387216143
189,COC1=CC=CC=C1C(=O)N1CCC(N2CCN(C(C)C3=CC=C(S(=O)(=O)C4=CC=C5OCOC5=C4)C=C3)C(C)C2)CC1,10
190,COC1=CC=C(CC(=O)N2CCC3(CC2)CN(C2CCC4=CC(C5=NC=CC=N5)=CC=C42)C3)C=C1,4.84999986
191,C1=C(C2=CC3=CC=CC=C3O2)C2CCN1CC2,7.508638306
192,C1=C(C2=NC3=CC=CC=C3O2)C2CCN1CC2,6.397940009
193,OC12C3C4CC5C6C4C1C6C(C53)N2CC1=CC=CC=C1,6.078313525
194,OC12C3C4CC5C6C4C1C6C(C53)N2CCC1=CC=CC=N1,6.059483515
195,CN(C)CCN(CC1=CC=CS1)C1=CC=CC=N1,6.227678293
196,CC1OC(=O)C2CC3CCCCC3C(CCCN3CCOCC3)C12,7.292429824
197,COC1(C#CC(C#N)(C2=CC=CC=C2)C2=CC=CC=C2)CN2CCC1CC2,8.199970641
198,COC1=CC=C(S(=O)(=O)C2=CC=C(C(C)N3CCN(C4CCCCC4)CC3C)C=C2)C=C1,9.823908741
199,CCCS(=O)(=O)N1CCC(N2CCC(C3(C4=CC=C([S+]([O-])C5=CC=C6OCOC6=C5)C=C4)OC(C)C(C)O3)CC2)CC1,8.041436117
200,CC1CN(C2CCNCC2)CCN1C(C)C1=CC=C(S(=O)(=O)C2=CC=C3OCOC3=C2)C=C1,8.045757491
201,O=C(NC1CCCCC1)C1=CC=C(CC2CCN(C3CCN(C(=O)C4=CC=C(F)C5=CC=CC=C45)CC3)CC2)C=C1,5.886056648
202,CC(C)OC(=O)C1=CC=C(NC(=O)NC(CC2=CC=C(O)C=C2)C(=O)NC2CCC[N+](C)(CC3=CC=CC(O)=C3)C2)C=C1,8.500038134
203,O=C(OC1C[N+]2(CC3=CC=CC=C3)CCC1CC2)C(O)(C1=CC=CC=C1)C1=CC=CC=C1,7.677780705
204,CCCS(=O)(=O)N1CCC(N2CCC(OC3=CC=C(S(=O)(=O)C4=CC=C(OC)C=C4)C=C3)CC2)CC1,6.857610534
205,COC1=NC(C)=C(C(=O)N2CCC(C)(N3CCN(C(C)C4=CC=C(C(F)(F)F)C=C4)C(C)C3)CC2)C(C)=N1,6.694648631
206,CCN(CC)CCOCCNC(=O)C1(C2=CC=CC=C2)CCCC1,5.30980392
207,COC1=CC=CC(CN2CCC(NC(=O)C(O)(C3=CC=CC=C3)C3CCCC3)CC2)=C1,6.568636236
208,OC12C3C4CC5C6C4C1C6C(C53)N2CC1=CC2=C(C=C1)OCO2,5.887730232
209,C[N+]1(C)CCCC1C1CSC(C2=CC=CC=C2)(C2CCCCC2)O1,8.830031826
210,CN1CCCC1C1CSC(C2=CC=CC=C2)(C2CCCCC2)O1,8.560036064
211,CN1CCCC1C1CSC(C2=CC=CC=C2)(C2=CC=CC=C2)O1,8.560036064
212,COC1=CC=CC=C1N1CCN(CCCNC(=O)NN(CC2=CC=C(F)C=C2)C2=CC=CC=C2)CC1,4.769551079
213,CC1OC(C2CCC[N+]2(C)C)CS1,5.450000476
214,CC1OC(C[N+](C)(C)C)CS1,5.679999196
215,CC(C1=C(CCN(C)C)CC2=CC=C(Cl)C=C12)C1=CC=CC=N1,6.439997673
216,C=C(C1=CC=C(S(=O)(=O)C2=CC=C(OC)C=C2)C=C1)C1CCN(C2CCCCC2)CC1,9.769551079
217,CCCS(=O)(=O)N1CCC(N2CCC(C3(C4=CC=C(S(=O)(=O)C5=CC=C6OCOC6=C5)C=C4)SCCS3)CC2)CC1,10.50863831
218,CC(C1=C(CCN(C(C)C)C(C)C)CC2=CC=CC=C12)C1=CC=CC=N1,6.239999953
219,O=C(OC1CC2CCCC1N2)C1=CC=C([N+](=O)[O-])C=C1,6.443697499
220,O=C1CCC2=CC=CC=C2N1CCCN1CCC(C2=CC=CC=C2)CC1,5.620000528
221,CCCCN1CCC(COC(=O)C2=CC(Cl)=C(NC)C3=C2OCCO3)CC1,6.363512104
222,CC1CN(C2CCN(C(=O)C3=CC=C(Cl)C=C3Cl)CC2)CCN1C(C)C1=CC=C(S(=O)(=O)C2=CC=C3OCOC3=C2)C=C1,9.522878745
223,NCC1CCN(C(=O)C(O)(C2=CC=CC=C2)C2CCC(F)(F)C2)C1,6.886056648
224,COC1(C#CC(O)(C2=CC=CC=C2)C2CCCCCCC2)CN2CCC1CC2,7.500038134
225,CCOC(=O)C1=C(C)NC2=CC=C3OC4C5=CC=C(OC)C=C5CCN4CC3=C12,5.959999286
226,COC1=CC=C([S+]([O-])C2=CC=C(C(=O)C3CCN(C4CCCCC4)CC3)C=C2)C=C1,7.966576245
227,OC12C3C4CC5C6C4C1C6C(C53)N2CC1=CC=CC=N1,5.300075597
228,CC1=CC=CC(C(=O)N2CCC(N3CCC(CC4=CC=C(S(=O)(=O)C5=CC=CC(Cl)=C5)C=C4)CC3)CC2)=C1N,9.050609993
229,CCOC(O)=C1CN2CC(CCC2CN(C)C)C1=O,4.065501549
230,CC1=CC=CC(CN2CCC(N3CC(C4=CC=CC=C4)(C4=CC=CC=C4)NC3=O)CC2)=C1,6.647817482
231,CN1C(=O)N(C2CCN(CC3=CC=CC=C3)CC2)CC1(C1=CC=CC=C1)C1=CC=CC=C1,6.283996656
232,CCOC(=O)C1=C(C)N(C)C2=CC=C3OC4C5=CC=C(OC)C=C5CCN4CC3=C12,6.290001172
233,COC1=CC=C(S(=O)(=O)C2=CC=C(CN3CCN(C4CCCCC4)CC3C)C=C2)C=C1,9.522878745
234,CC(=O)OCCCCCCCCCCCCOC1=NSN=C1C1=CCCN(C)C1,7.799970733
235,C=C(C1=CC=C(S(=O)(=O)C2=CC=C(OC)C=C2)C=C1)C1CCN(C2CCN(C(=O)OCCCC)CC2)CC1,9.455931956
236,COC1=CC=C(N(C(=O)C2=CC=CC=C2)C2CCN(CC3=CC=CC=C3)CC2)C=C1,6.900008766
237,NCCCC1CCN(C(=O)C(O)(C2=CC=CC=C2)C2CCC(F)(F)C2)CC1,5.552841969
238,NCC1CCN(C(=O)C(O)(C2=CC=CC=C2)C2CCC(F)(F)C2)CC1,6.119186408
239,CC(=O)NC1=CC=CC=C1C(=O)N1CCC(N2CCN(C(C)C3=CC=C(S(=O)(=O)C4=CC=C5OCOC5=C4)C=C3)C(C)C2)CC1,8.356547324
240,CC(=O)NC(CCC(N)=O)C(=O)NC(CC(C)C)C(=O)NCCCCC1CCN(CC(=O)N2C3=CC=CC=C3NC(=O)C3=CC=CC=C32)CC1,6.509999358
241,CC(=O)NC(CCCCN)C(=O)NC(CCCNC(=N)N)C(=O)NCCCCC1CCN(CC(=O)N2C3=CC=CC=C3NC(=O)C3=CC=CC=C32)CC1,8.969805215
242,COC1=CC=C([S+]([O-])C2=CC=C(C(C3CCCCC3)N3CCN(C4CCCCC4)CC3)C=C2)C=C1,7.769551079
243,CC1CCCC(CCC2C3CCCCC3CC3C(=O)OC(C)C32)N1,7.795880017
244,CN1CCCC1C1=CC=C(C(O)(C2=CC=CC=C2)C2CCCCC2)O1,7.219970873
245,C=C(C1=CC=C(S(=O)(=O)C2=CC=C(OC)C=C2)C=C1)C1CCN(C2CCN(C(=O)C(C)C)CC2)CC1,8.657577319
246,CCOC(=O)N1CCC(N2CCC(C3(C4=CC=C(S(=O)(=O)C5=CC=C6OCOC6=C5)C=C4)OC(C)C(C)O3)CC2)CC1,10.52287875
247,CC1CN(C2CCN(C(=O)C3=CC=CC=C3)CC2)CCN1C(C)C1=CC=C(S(=O)(=O)C2=CC=C3OCOC3=C2)C=C1,9.045757491
248,CN1C=C(C(=O)C(=O)NC2CN3CCC2CC3)C2=CC=CC=C21,4.300000029
249,CC1CCN(CCCN2C(=O)CCC3=CC=CC=C32)CC1,4.939999857
250,C=C(C1=CC=C(S(=O)(=O)C2=CC=C(OC)C=C2)C=C1)C1CCN(C2CCN(S(=O)(=O)C3=CC=CC=C3)CC2)CC1,9.443697499
251,C=C(C1=CC=C(S(=O)(=O)C2=CC=C(OC)C=C2)C=C1)C1CCN(C2CCN(C(=O)OCC(C)C)CC2)CC1,9.522878745
252,CN1C2CCCC1C(OC(=O)C1=CC=CC=C1)C2,5.886056648
253,CN1CCC(C2=CC=CC=C2)=C(C(=O)OCCC2=CC=C3OCCC3=C2)C1,5.931814138
254,COC(=O)CSC1=CC=C(CC2CCN(C3CCN(C(=O)C4=CC=CC5=CC=CC=C45)CC3)CC2)C=C1,9.15490196
255,COC1=CC=CC(C2=CC=C3CN(CC4=CC=CC=C4)CCC3=C2)=C1,5.166215625
256,O=C(C1=CC=NC2=CC=CC=C12)N1CCC(N2CCC(OC3=CC=C(S(=O)(=O)C4=CC=C5OCOC5=C4)C=C3)CC2)CC1,9
257,CC1OC(C[N+](C)(C)C)COC1(C)C,4.139999976
258,CON=CC1=CCCN(C)C1,6
259,COC1=CC=C(CC(=O)N2CCC3(CC2)CN(C2CCC4=CC(C5=NC=CC=N5)=CC=C42)C3)N=C1,5.790000026
260,COC1=CC=C(S(=O)(=O)C2=CC=C(C3(C4CCN(C5CCN(C(=O)C6=CC=CC7=CC(F)=CC=C67)CC5)CC4)OCCO3)C=C2)C=C1,9.091514981
261,CCCCCCOC1=NSN=C1C1=CCCN(C)C1,6.920818754
262,O=C1NC(C2=CC=C(F)C=C2)(C2=CC=C(F)C=C2)CN1C1CCN(CC2=CC=CC(F)=C2)CC1,5.942714356
263,NC1=CC=CC(CN2CCC(N3CC(C4=CC=CC=C4)(C4=CC=CC=C4)NC3=O)CC2)=C1,6.739928612
264,C=C(C1=CC=C([S+]([O-])C2=CC=C(OC)C=C2)C=C1)C1CCN(C2CCCCC2)CC1,10.24412514
265,COC1=CC=C(CN2C3C4C5CC6C7C5C3C7C2(O)C64)C=C1OC,5.8247782
266,CCOC(=O)C1=C(CC)NC2=CC=C3OC4C5=CC=C(OC)C=C5CCN4CC3=C12,5.870000928
267,CN1CCCC1C1=CC=C(C(C2=CC=CC=C2)C2=CC=CC=C2)O1,7.189969214
268,NCC1=CC(C(=O)NCCN2CCC(N3CCC(N4C(=O)NC5=CC=CC=C54)CC3)CC2)=CC(C(=O)NCCN2CCN(CCCCC3CCN(CC(=O)N4C5=CC=CC=C5NC(=O)C5=CC=CC=C54)CC3)CC2)=C1,9.709965389
269,C[N+](C)(C)CC1C[S+]([O-])C(C2=CC=CC=C2)(C2CCCCC2)O1,7.130006
270,C[N+]1(C)CCCC1C1=CC=C(C(C2=CC=CC=C2)C2=CC=CC=C2)O1,7.86998805
271,C[N+]1(C)CCCC1C1=CC=C(C(C2=CC=CC=C2)C2CCCCC2)O1,7.759950228
272,CCN1CCC(C2=CC=CC=C2)=C(C(=O)OCCC2=CC=C(OC)C=C2)C1,5.958607315
273,CNCCC=C1C2=CC=CC=C2CCC2=CC=CC=C12,6.910094889
274,CCN(CC)CC#CCOC(=O)C(O)(C1=CC=CC=C1)C1CCCCC1,8.017186238
275,CC(=C1CCN(C2CCN(C(=O)C3=CC=C(F)C4=CC=CC=C34)CC2)CC1)C1=CC=C([S+]([O-])C(C)C)C=C1,8.568636236
276,COC1=CC=C([S+]([O-])C2=CC=C(C(C)C3CCN(C4CCCCC4)CC3)C=C2)C=C1,9.853871964
277,COC1=CC=CC(C2CC2C[N+](C)(C)C)=C1,4.823908741
278,C[N+](C)(C)C1CCC2=CC=CC(O)=C2C1,5.37675071
279,C1=CN=CC(COC2CCCNC2)=C1,4.769551079
280,COC1=CC=CC(CC[N+](C)(C)C)=C1,5.040958608
281,NC1=CC=CC=C1C(=O)N1CCC(N2CCC(CC3=CC=C(S(=O)(=O)C4=CC=CC(Cl)=C4)C=C3)CC2)CC1,9.7000571
282,CCCC(C)(C)C(=O)N(CC)CCCC1CCN(CC(=O)N2C3=CC=C(Cl)C=C3C(=O)NC3=CC=CN=C32)CC1,7.519993057
283,CC1OC(C[N+](C)(C)C)CC1O,7.602059991
284,CN(C)CCOC(=O)C1=CC(=CC2=CC=CC=N2)C2=CC=CC=C12,4.920000157
285,O=C(OC1CC2CCCC1N2)C1=CC=CC=C1,6.522878745
286,O=C(OC1=CC=CC=C1)N1CCC(N2CCC(OC3=CC=C(S(=O)(=O)C4=CC=C5OCOC5=C4)C=C3)CC2)CC1,8.958607315
287,CC(=O)NC(C)C(=O)NC(C)C(=O)NCCN1CCN(CCCCC2CCN(CC(=O)N3C4=CC=CC=C4NC(=O)C4=CC=CC=C43)CC2)CC1,9.369979149
288,CC(=O)NC(CCC(N)=O)C(=O)NC(C)C(=O)NC(CC(C)C)C(=O)NCCN1CCN(CCCCC2CCN(CC(=O)N3C4=CC=CC=C4NC(=O)C4=CC=CC=C43)CC2)CC1,9.450016389
289,CC(=O)NC(CC1=CNC2=CC=CC=C12)C(=O)NC(CC1=CC=C(O)C=C1)C(=O)NCCCCC1CCN(CC(=O)N2C3=CC=CC=C3NC(=O)C3=CC=CC=C32)CC1,7.480040819
290,CC(=O)NC(CCCCN)C(=O)NC(C)C(=O)NC(CCCNC(=N)N)C(=O)NCCCCC1CCN(CC(=O)N2C3=CC=CC=C3NC(=O)C3=CC=CC=C32)CC1,8.110026362
291,CC(=O)NC(CCCCN)C(=O)NC(CCCNC(=N)N)C(=O)NCC(=O)NCCCCC1CCN(CC(=O)N2C3=CC=CC=C3NC(=O)C3=CC=CC=C32)CC1,8.379968105
292,C[N+]1(C)C2CCC1CC(CC(O)(C1=CC=CC=C1)C1=CC=CC=C1)C2,8.400007822
293,FC(F)(F)C1=CC(OC2=NC=CC3=C2SC=C3)=CC=C1C1=CC=CC2=NC=CN12,5.769551079
294,NC1=CC=CC(C2=CC=C(CCN3CCN(CC(=O)C4=CC=CC=C4)CC3)C=C2)=N1,6.494850022
295,CC(C)(CCC(C(N)=O)(C1=CC=CC=C1)C1=CC=CC=C1)N1CC(OC2=CC=CC=C2)C1,10.25181197
296,CCC(=O)OC1CC2CCCC1N2,5.508638306
297,CC(C)OC1=CC=C2C(C(=O)N3CCC(N4CCC(CC5=CC=C(SC(C)C)C=C5)CC4)CC3)=CC=CC2=C1,8.214670165
298,CCN(CC1=CC=NC=C1)C(=O)C(CO)C1=CC=CC=C1,7.431798276
299,CC(C)SC1=CC=C(CC2CCN(C3CCN(C(=O)C4=CC=C(Cl)C=C4Cl)CC3)CC2)C=C1,6.872895202
300,CN(CCCN(C)CCCC(O)(C1=CC=CC=C1)C1=CC=CC=C1)CCCC(O)(C1=CC=CC=C1)C1=CC=CC=C1,5.2599999
301,C[N+]1(CCCC(O)(C2=CC=CC=C2)C2=CC=CC=C2)CCN(CCCC(O)(C2=CC=CC=C2)C2=CC=CC=C2)CC1,5.639999555
302,C(#CCN1CCCCC1)COC1=NOCC1,6.057495894
303,O=C1CCON1CC#CCN1CCCCC1,7.397940009
304,CC1=CC(OCC#CC[N+]2(C)CCCC2)=NO1,5.690156995
305,O=C(COC1=CC=CC=C1)N1CCC(N2CCC(OC3=CC=C(S(=O)(=O)C4=CC=C5OCOC5=C4)C=C3)CC2)CC1,7.225483034
306,C=C(C1=CC=C(S(=O)(=O)C2=CC=C(OC)C=C2)C=C1)C1CCN(C2CCN(C(=O)OCC3=CC=CC=C3)CC2)CC1,9.346980549
307,C=C(C1=CC=C(S(=O)(=O)C2=CC=C(OC)C=C2)C=C1)C1CCN(C2CCN(S(=O)(=O)CC3=CC=CC=C3)CC2)CC1,8.838931615
308,CC1=CC=[N+]([O-])C(C)=C1C(=O)N1CCC(C)(N2CCN(C(C)C3=CC=C(C(F)(F)F)C=C3)C(C)C2)CC1,6.602059991
309,CN(C)C1(CNCCC2=CCSCC2)COC2=CC=CC=C2OC1,7.920818754
310,CC1=CC=CC(C(=O)N2CCC(N3CCC(OC4=CC=C(S(=O)(=O)C5=CC=C6OCOC6=C5)C=C4)CC3)CC2)=C1C,9.397940009
311,COC1(C#CC(O)(C2=CC=CC=N2)C2CCCC2)CN2CCC1CC2,7.301029996
312,O=C(C1=CC=CC2=CC=CC=C12)N1CCC(N2CCC(OC3=CC=C(S(=O)(=O)C4=CC=C5OCOC5=C4)C=C3)CC2)CC1,9.301029996
313,CC1=CC=C(COC(=O)N(C2=CC=CC=C2)C2CN3CCC2CC3)C=C1F,7.522878745
314,CC1(C)OCC2(CN3CCC2CC3)O1,4.522878745
315,COC1=CC=C(C(=O)N2CCC(N3CCC(CC4=CC=C(SC(C)C)C=C4)CC3)CC2)C=C1,6.966576245
316,CC(C)SC1=CC=C(CC2CCN(C3CCN(C(=O)C4=CC=CC=C4F)CC3)CC2)C=C1,6.585026652
317,CN1C2CCCC1C(OC(=O)OCC(Cl)(Cl)Cl)C2,6.086186148
318,COC1=CC=C2C(=C1)CCN1CC3=C(C=CC4=C3C(CC3=CC=CC=C3)=C(C)N4)OC21,5.269999835
319,CC(C)S(=O)(=O)C1=CC=C(CC2CCN(C3CCN(C(=O)C4=CC=C(F)C5=CC=CC=C45)CC3)CC2)C=C1,6.655607726
320,COC1=CC=C([S+]([O-])C2=CC=C(C(C#N)N3CCN(C4CCCCC4)CC3)C=C2)C=C1,8.568636236
321,OC12C3C4CC5C6C4C1C6C(C53)N2CCC1=CC=CN=C1,5.827397069
322,CC(C)(CCC(C(N)=O)(C1=CC=CC=C1)C1=CC=CC=C1)N1CCC(OC2=CC=CC=C2)C1,8.795880017
323,O=C(CCCNC(=O)CC(C1=CC=CC=C1)(C1=CC=CC=C1)C1=CC=CC=C1)NCCC(=O)NCC1CCCN(CC2CCCCC2)C1,7.769551079
324,CC(=C1CCN(C2CCN(C(=O)C3=CC=C(F)C4=CC=CC=C34)CC2)CC1)C1=CC=C(S(=O)(=O)C(C)C)C=C1,8.017728767
325,O=C(CCNC(=O)CC(C1=CC=CC=C1)(C1=CC=CC=C1)C1=CC=CC=C1)NCCC(=O)NCC1CCCN(CC2CCCCC2)C1,7.356547324
326,CCCCS(=O)(=O)N1CCC(N2CCC(OC3=CC=C(S(=O)(=O)C4=CC=C5OCOC5=C4)C=C3)CC2)CC1,8.161150909
327,CC1=C(C(=O)N2CCC(N3CCC(OC4=CC=C(S(=O)(=O)C5=CC=C6OCOC6=C5)C=C4)CC3)CC2)SC=C1,9.698970004
328,C[N+](C)(C)CC1CSC(C2=CC=CC=C2)(C2CCCCC2)O1,8.119987162
329,CCCCC1=C(C(=O)OCC)C2=C3CN4CCC5=CC(OC)=CC=C5C4OC3=CC=C2N1,6.470005327
330,COC1=CC=CC(CN2CCC(N3CC(C4=CC=CC=C4)(C4=CC=CC=C4)NC3=O)CC2)=C1,6.158015195
331,O=C1NC(C2=CC=CC=C2)(C2=CC=CC=C2)CN1C1CCN(CC2=CC=C(Cl)C=C2)CC1,6.528708289
332,O=C1N(C2CCN(CC3=CC=CC=C3)CC2)CC(C2=CC=CC=C2)N1CC1=CC=CC=C1,6.201349355
333,COC1=NSN=C1OCCOCCOC1=NSN=C1C1=CCCN(C)C1,7.400007822
334,C[N+]1(CC(=O)C2=CC=CN=C2)CCC(N2CC(C3=CC=C(F)C=C3)(C3=CC=C(F)C=C3)NC2=O)C1,5.993962045
335,COCC[N+]1(CCOC2=CC=CC=C2)CCC(N2CC(C3=CC=CC=C3)(C3=CC=CC=C3)NC2=O)C1,6.258060922
336,N#CC[N+]1(CCOC2=CC=CC=C2)CCC(N2CC(C3=CC=CC=C3)(C3=CC=CC=C3)NC2=O)C1,5.938547521
337,C[N+]1(CCOCC2=CC=CC=C2)CCC(N2CC(C3=CC=CC=C3)(C3=CC=CC=C3)NC2=O)C1,7.320572103
338,C[N+]1(C)CCC(N2CC(C3=CC=CC=C3)(C3=CC=CC=C3)NC2=O)C1,6.064492734
339,COC1=CC=C(CC(=O)N2CCC3(CC2)CN(C(C2=CC=C(C4=NC=CC=N4)C=C2)C(C)C)C3)N=C1,7.320027306
340,COC1=CC=C(CCN2CCC(NC3=NC4=CC=CC=C4N3CC3=CC=C(F)C=C3)CC2)C=C1,6.300162274
341,CNCCCC12CCC(C3=CC=CC=C31)C1=CC=CC=C12,6.164309429
342,OC(C1=CC=CC=C1)(C1=CC=CC=C1)C12CC[N+](CCOCC3=CC=CC=C3)(CC1)CC2,9.823908741
343,COC1(C#CC(O)(C2=CC=CC=C2)C2=CC=CC=C2)CN2CCC1CC2,9.100015437
344,COC1(C#CC(O)(C2=CC=CC=C2)C2CCCCC2)CN2CCC1CC2,8.799970733
345,C[N+]1(CCCC(O)(C2=CC=CC=C2)C2=CC=CC=C2)CCC(C2CC[N+](C)(CCCC(O)(C3=CC=CC=C3)C3=CC=CC=C3)CC2)CC1,6.439997673
346,OC(CCCN1CCNCC1)(C1=CC=CC=C1)C1=CC=CC=C1,5.139999976
347,C[N+]1(C)C2CCC1CC(C=C(C1=CC=CS1)C1=CC=CS1)C2,9.13667714
348,CCC(=O)NCCNC(=O)CCC1=CN(CCCCC2CCN(CC(=O)N3C4=CC=CC=C4NC(=O)C4=CC=CC=C43)CC2)C=N1,8.960189446
349,CN1C2CCC1CC(OC(=O)C(CO)C1=CC=CC=C1)C2,9.090016305
350,O=C(NC1=CC=C(F)C=C1C1=CC=CC=C1)OC1CN2CCC1CC2,7.508638306
351,O=C(C1=CC=C([N+](=O)[O-])S1)N(C1=CC=C(Br)C=C1)C1CCN(CC2=CC=CC=C2)CC1,6.499996932
352,CC1=CC=CC(C)=C1C(=O)N1CCC(N2CCN(C(C)C3=CC=C(S(=O)(=O)C4=CC=C5OCOC5=C4)C=C3)C(C)C2)CC1,9.096910013
353,CC(=O)N(C1=CC=C(Br)C=C1)C1CCN(CC2=CC=CC=C2)CC1,6.399996913
354,CCC(C)C(C(=O)OCC[N+](C)(CC)CC)C1=CC=CC=C1,7.721246399
355,O=C(NC1CCN(CC2CCCC2)CC1)C(O)(C1=CC=CC=C1)C1CCCC1,4.853871964
356,C1=C(C2=CC=CN=C2)C2CCN1CC2,5.552841969
357,CC(C)N(CCC(C1=CC=CC=C1)C1=CC(CCNC(=O)CCCCCNC(=O)COC2=CC=C(C=CC3=[N+]4C(=CC5=CC=C(C6=CC=CS6)N5[B-]4(F)F)C=C3)C=C2)=CC=C1O)C(C)C,8.045757491
358,CC(C)(CCC(C(N)=O)(C1=CC=CC=C1)C1=CC=CC=C1)N1CCC(OC2=CC=CC=C2)CC1,8.585026652
359,CC1CN(C2CCN(C(=O)C3=C(N)C=CC=C3Cl)CC2)CCN1C(C)C1=CC=C(S(=O)(=O)C2=CC=C3OCOC3=C2)C=C1,7
360,CCCCCCCCCCCCCCCC(=O)OCC(NC(=O)CNC(=O)CCCCCCCCCCCCC)C(=O)OCC1=CC=CC=C1,4.650000027
361,CC1OC(=O)C2CC3CCCCC3C(CCCN3CCCCC3)C12,6.453457337
362,C1=C(C2=CC=CS2)C2CCN1CC2,6.207608311
363,CN(C)CCNC(=O)C1=CC(=CC2=CC=CC=N2)C2=CC=CC=C12,4.379999983
364,CCCS(=O)(=O)N1CCC(N2CCC(C(=O)C3=CC=C(S(=O)(=O)C4=CC=C5OCOC5=C4)C=C3)CC2)CC1,8.991399828
365,CN1CCCC(CN2C3=CC=CC=C3SC3=CC=CC=C32)C1,6.696803943
366,O=C(CC1=CC=CC=C1)NC1CCN(CCCN2C(=O)COC3=CC=CC=C32)CC1,5.657577319
367,ClC1=CC=C2NC3=CC=CC=C3C(N3CCNCC3)=NC2=C1,6.602059991
368,CC1=CC=CC=C1CN1CCC(N2CCC(N3C(=O)NC4=CC=CC=C43)CC2)CC1,6.494850022
369,CC1=C(N)C=CC=C1C(=O)N1CCC(N2CCC(C3(C4=CC=C(C(=O)NC(C)C)C=C4)OCCO3)CC2)CC1,8.721246399
370,CC(C)NC(=O)C1=CC=C(CC2CCN(C3CCN(C(=O)C4=CC=CC5=C4N=CN5)CC3)CC2)C=C1,7.568636236
371,ClC1=CC=CC=C1C(C1=CC=CC=C1)(C1=CC=CC=C1)N1C=CN=C1,5.286761538
372,CCC(=C(C1=CC=CC=C1)C1=CC=C(OCCN(C)C)C=C1)C1=CC=CC=C1,5.557363474
373,CC1CCCN1CCC1=CC2=CC(C(=O)C3=CC=C([N+](=O)[O-])C=C3)=CC=C2O1,6.166852888
374,C=C(C1=CC=C(S(=O)(=O)C2=CC=C(OC)C=C2)C=C1)C1CCN(C2CCN(S(=O)(=O)CCC)CC2)CC1,9.537602002
375,COC1=CC=C(CN2C3C4C5CC6C7C5C3C7C2(O)C64)C=C1,5.903785415
376,FC1=CC=C(C2CCNCC2COC2=CC=C3OCOC3=C2)C=C1,6.723538196
377,CCCS(=O)(=O)N1CCC(N2CCN(C(C)C3=CC=C(S(=O)(=O)C4=CC=C5OCOC5=C4)C=C3)C(C)C2)CC1,9.698970004
378,CC1=NC=NC(C)=C1C(=O)N1CCC(C)(N2CCN(C(C)C3=CC=C(C#N)C=C3)C(C)C2)CC1,6.785156152
379,CN1C2CCC1CC(CC(C#N)(C1=CC=CC=C1)C1=CC=CC=C1)C2,9.299988938
380,C=C(C1=CC=C(S(=O)(=O)C2=CC=C(OC)C=C2)C=C1)C1CCN(C2CCN(C(=O)C3CC3)CC2)CC1,9.585026652
381,C=C(C1=CC=C(S(=O)(=O)C2=CC=C(OC)C=C2)C=C1)C1CCN(C2CCN(C(=O)CC)CC2)CC1,8.419987887
382,CC(=O)OCC[N+](C)(C)C,6.799998135
383,COC1=CC=C(S(=O)(=O)C2=CC=C(C(C)N3CCN(C4CCN(C(=O)C5=CC=CC=C5C)CC4)CC3C)C=C2)C(OC)=C1OC,6.354577731
384,CCN(CC)CCCCOC(=O)C(C)(C1=CC=CC=C1)C1CCCCC1,6.605548319
385,C[N+]1(CCC2=CC=CC=C2)CCC(N2CC(C3=CC=CC=C3)(C3=CC=CC=C3)NC2=O)C1,8.26760624
386,C[N+]1(C)C2CCC1CC(N1CC(C3=CC=CC=C3)(C3=CC=CC=C3)NC1=O)C2,6.302770657
387,O=C1NC(C2=CC=CC=C2)(C2=CC=CC=C2)CN1C1CC2CCC(C1)N2CC1=CC=CC=C1,7.187086643
388,ClC1=CC=C2C(=C3CCNCC3)C3=NC=CC=C3CCC2=C1,7.420216403
389,CN(C)C1(CNCCC2CCOCC2)COC2=CC=CC=C2OC1,8.22184875
390,CN(C)C1(CNCCC2=C(Cl)C=CC=C2Cl)COC2=CC=CC=C2OC1,7.30980392
391,CC(=O)C1=CC=C(C2=CN3CCC2CC3)S1,5.809668302
392,COC1=CC=C(S(=O)(=O)C2=CC=C(C3(C4CCN(C5CCN(C(=O)C6=CC=CC7=CC(Cl)=CC=C67)CC5)CC4)OCCO3)C=C2)C=C1,8.853871964
393,OC1(C2=NC3=CC=CC=C3S2)CN2CCC1CC2,5.522878745
394,C1CCC(CN2C3CCC2CC3)CC1,5.324404944
395,C1CC2CCC1N2CC12C3C4C5C3C1C5C42,6.15739076
396,CC1CN(C2CCN(C(=O)C3=C(Cl)C=CS3)CC2)CCN1C(C)C1=CC=C(S(=O)(=O)C2=CC=C3OCOC3=C2)C=C1,9.522878745
397,CC1OC(=O)C2CC3CCCCC3C(C#CC3CCCC(C)N3C)C12,5.94000137
398,O=C(NC1=CC=C(F)C=C1C1=CC=C(Cl)C(Cl)=C1)OCC1CCNCC1,7.769551079
399,C[N+]12CCC(CC1)C(OC(=O)NC1=CC=C(F)C=C1C1=CC=CC=C1)C2,7.853871964
400,COC1=CC=C(S(=O)(=O)C2=CC=C(C3(C4CCN(C5CCN(C(=O)C6=CC=CC7=CC=C(F)C=C67)CC5)CC4)OCCO3)C=C2)C=C1,8.920818754
401,NC1=CC=CC(CN2CCC(NC(=O)C(O)(C3=CC=CC=C3)C3CCC(F)(F)C3)CC2)=C1,6.48148606
402,CC1CCN(CC(=O)N2C3=CC=CC=C3C(=O)NC3=CC=CN=C32)CC1,7.147520006
403,CN(C)CCC1=CC(=CC2=CC=CN=C2)C2=CC=CC=C12,4.820000071
404,CC(C)=CCCN1CCC(NC(=O)C(O)(C2=CC=CC=C2)C2CCC(F)(F)C2)CC1,5.853871964
405,CCOC(=O)C1=C(C)NC2=CC=C3OC4C5=CC=C(Cl)C=C5CCN4CC3=C12,5.48999954
406,CC(=O)OC1CC2CCCC1N2C,5.568636236
407,CCCCC(=O)N1CCC(N2CCN(C(C)C3=CC=C(S(=O)(=O)C4=CC=C5OCOC5=C4)C=C3)C(C)C2)CC1,8.886056648
408,CC1CN(C2CCCCC2)CCN1C(C)C1=CC=C(S(=O)(=O)C2=CC=C3OCOC3=C2)C=C1,10.52287875
409,C=C(C1=CC=C(S(=O)(=O)C2=CC=C(OC)C=C2)C=C1)C1CCN(C2CCNCC2)CC1,8.943095149
410,O=C(CCCCCNC(=O)CC(C1=CC=CC=C1)(C1=CC=CC=C1)C1=CC=CC=C1)NCC1CCCN(CC2CCCCC2)C1,7.142667504
411,CC1=NC(N)=NC(C)=C1C(=O)N1CCC(C)(N2CCN(C(C)C3=CC=C(C(F)(F)F)C=C3)C(C)C2)CC1,5.958607315
412,O=S(=O)(C1=CC=C(OC2CCN(C3CCN(S(=O)(=O)C4=CC=CC5=CC=CC=C45)CC3)CC2)C=C1)C1=CC=C2OCOC2=C1,7.459670525
413,CCOC(=O)CSC1=CC=C(CC2CCN(C3CCN(C(=O)C4=CC=CC5=CC=CC=C45)CC3)CC2)C=C1,7.397940009
414,CC(C)SC1=CC=C(CC2CCN(C3CCN(C(=O)C4=CC=C(S(N)(=O)=O)C=C4)CC3)CC2)C=C1,6.88941029
415,COC1=CC=C(S(=O)(=O)C2=CC=C(C(C)N3CCN(C4CCN(C(=O)C5=CC=CC=C5C)CC4)CC3C)C=C2)C=C1,8.585026652
416,CCCCCCCCCCCC(OC(=O)C(CCCCN(O)C(C)=O)NC(=O)C1=COC(C2=CC=CC=C2O)=N1)C(C)C(=O)NC1CCCCN(O)C1=O,6.200659451
417,CC1=CC=C(S(=O)(=O)C2=CC=C(C(C)N3CCN(C4CCCCC4)CC3)C=C2)C=C1,9.096910013
418,CC1CN(C2CCN(C(=O)C3=CC=CC=C3COC(=O)C3=CC=CC=C3)CC2)CCN1C(C)C1=CC=C(S(=O)(=O)C2=CC=C3OCOC3=C2)C=C1,9.698970004
419,CN1CCCC1C1C[S+]([O-])C(C2=CC=CC=C2)(C2=CC=CC=C2)O1,6.639993868
420,C[N+]1(C)CCCC1C1C[S+]([O-])C(C2=CC=CC=C2)(C2=CC=CC=C2)O1,7.379968105
421,CN1CCCC1C1C[S+]([O-])C(C2=CC=CC=C2)(C2CCCCC2)O1,6.970007825
422,CN1C2CCC1CC(CC(O)(C1=CC=CC=C1)C1=CC=CC=C1)C2,8.199970641
423,C[N+]1(C)C2CCC1CC(CC(C#N)(C1=CC=CC=C1)C1=CC=CC=C1)C2,9.799970733
424,CC1=CC=C(C[N+](C)(C)C)O1,6.020001176
425,CC1=CC=CC=C1C(=O)N1CCC(N2CCC(CC3=CC=C(S(=O)(=O)C4=CC=CC(Cl)=C4)C=C3)CC2)CC1,8.569924944
426,CCC(=O)NCC1=CC(C(=O)NCCN2CCC(N3CCC(N4C(=O)NC5=CC=CC=C54)CC3)CC2)=CC(C(=O)NCCN2CCN(CCCCC3CCN(CC(=O)N4C5=CC=CC=C5NC(=O)C5=CC=CC=C54)CC3)CC2)=C1,9.439973751
427,CC1OC(=O)C2CC3CCCCC3C(C(O)=CC3CCCC(C)N3C)C12,6.692503962
428,CC1OC(=O)C2C=C3CCCCC3C(=CCC3CCC(C)(C)[N+]3(C)C)C12,6.243363892
429,CC[N+]1(CCOC(=O)C(O)(C2=CC=CC=C2)C2=CC=CC=C2)CCCCC1,8.029699625
430,O=C(CCN1CCCC2=CC=CC=C21)NC1CCCC1,7.010016542
431,O=C(CCN1CCCC2=CC=CC=C21)N1CCC1,5.770000934
432,COC(C#CC1(OC)CN2CCC1CC2)(C1=CC=CC=C1)C1=CC=CC=C1,6.799998135
433,CN(C)C1(CNCC=C2CCOCC2)COC2=CC=CC=C2OC1,8.055517328
434,CN(C)C1(CNCCC2=CC=CC=C2F)COC2=CC=CC=C2OC1,7.387216143
435,CN(C)C1(CNCCC2CCOCC2)COC2=CC(Cl)=C(Cl)C=C2OC1,9.920818754
436,CC1OCC(C[N+](C)(C)C)OC1C,4.860000083
437,CC1OCC(C[N+](C)(C)C)OC1(C)C,4.469999944
438,C[N+]1(CC#CCOC2=NOCC2)CCCCC1,6.659555885
439,CC1=CC=C(C2CCCN2C)O1,4.709999911
440,CCCCOC(=O)C1=C(C)NC2=CC=C3OC4C5=CC=C(OC)C=C5CCN4CC3=C12,5.629999781
441,CC(C1=CC=C(S(=O)(=O)C2=CC=CC=C2)C=C1)N1CCNCC1,7.431798276
442,O=C(NC1CCN(CC2=CC=CN=C2)CC1)C(O)(C1=CC=CC=C1)C1CCCC1,5.337242168
443,COC1=CC=C(S(=O)(=O)C2=CC=C(C3(C4CCN(C5CCN(C(=O)C6=CC=CC7=C(F)C=CC=C67)CC5)CC4)OCCO3)C=C2)C=C1,9.698970004
444,O=C(N1CCCNCC1)C(O)(C1=CC=CC=C1)C1CCC(F)(F)C1,5.958607315
445,O=C(NC1CCN(CC2=COC=C2)CC1)C(O)(C1=CC=CC=C1)C1CCC(F)(F)C1,5.065501549
446,CC1=CC=CC(C)=C1C(=O)N1CCC(N2CCN(C(C)C3=CC=C(S(=O)(=O)C4=CC=C5OCOC5=C4)C=C3)CC2)CC1,9
447,C1COC(C2CN3CCC2CC3)C1,5.301029996
448,FC1=CC=CC(CN2C3CC4CC(C3)CC2C4)=C1,5.450751443
449,O=C(NC1CCNCC1)C(O)(C1=CC=CC=C1)C1CCC(F)(F)C1,4.823908741
450,CC1CN(C2CCN(C(=O)C3=CC=CC=C3N)CC2)CCN1C(C)C1=CC=C(S(=O)(=O)C2=CC=C3OCOC3=C2)C=C1,9.301029996
451,CNCCC1CCN(C(=O)C(O)(C2=CC=CC=C2)C2CCC(F)(F)C2)CC1,5.26760624
452,CC1CN(C2CCN(C(=O)C3=CC=CC=C3OC3=CC=CC=C3)CC2)CCN1C(C)C1=CC=C(S(=O)(=O)C2=CC=C3OCOC3=C2)C=C1,10
453,NC(=O)C(C1=CC=CC=C1)(C1=CC=CC=C1)C1CCN(CCC2=CC=C3OCCC3=C2)C1,7.301029996
454,COC1(C#CC(O)(C2=CC=CC=C2)C2=CC=C(F)N=C2)CN2CCC1CC2,8.397940009
455,COC1(C#CC(O)(C2=CC=CC=N2)C2CCC2)CN2CCC1CC2,6.500312917
456,COC1(C#CC(O)(C2=CC=CC=C2)C2CCC2)CN2CCC1CC2,7.886056648
457,CC1=CC=CC(S(=O)(=O)C2=CC=C(C(C)N3CCN(C4CCN(C(=O)C5=CC=CC=C5C)CC4)CC3C)C=C2)=C1,9.397940009
458,CC(C1=CC=C(S(=O)(=O)C2=CC=CC=C2)C=C1)N1CCN(C)CC1,7.468521083
459,CC(C1=CC=C(S(=O)(=O)C2=CC=CC=C2)C=C1)N1CCN(C2CCCCC2)CC1,9.698970004
460,O=C1C=CC2=C(C(O)CNCCC3=CC=C(CCN4CCC(CN5C=NC(C(O)(C6=CC=CC=C6)C6CCCCC6)=N5)CC4)C=C3)C=CC(O)=C2N1,9.853871964
461,CCOCC1C2CNCC21C1=CC=C(Cl)C(Cl)=C1,6.699991797
462,CC(C)SC1=CC=C(CC2CCN(C3CCN(C(=O)C4=NC=CC5=CC=CC=C45)CC3)CC2)C=C1,7.958607315
463,C[N+]1=C(C=CC=CC=C2N(CCCCCC(=O)NCCN3CCN(CCCCC4CCN(CC(=O)N5C6=CC=CC=C6NC(=O)C6=CC=CC=C65)CC4)CC3)C3=CC=CC=C3C2(C)C)C(C)(C)C2=CC=CC=C21,8.349984048
464,CC1(C)C(=CC=CC=CC2=[N+](CCCCS(=O)(=O)[O-])C3=CC=CC=C3C2(C)C)N(CCCCCC(=O)NCC2=CC(C(=O)NCCNC(=O)CCC3=CN(CCCCC4CCN(CC(=O)N5C6=CC=CC=C6NC(=O)C6=CC=CC=C65)CC4)C=N3)=CC(C(=O)NCCNC(=O)CCC3=CN(CCCCC4CCN(CC(=O)N5C6=CC=CC=C6NC(=O)C6=CC=CC=C65)CC4)C=N3)=C2)C2=CC=C(S(=O)(=O)O)C=C21,9.199970641
465,CC1(C)C(=CC=CC=CC2=[N+](CCCCS(=O)(=O)[O-])C3=CC=CC=C3C2(C)C)N(CCCCCC(=O)NCCN2CCN(CCCCC3CCN(CC(=O)N4C5=CC=CC=C5NC(=O)C5=CC=CC=C54)CC3)CC2)C2=CC=C(S(=O)(=O)O)C=C21,9.280006174
466,CC1OCC(C[N+](C)(C)C)OC1C,4.700000069
467,COC1=NSN=C1OCCCOCCCOCCCOC1=NSN=C1C1=CC=CN=C1,6.799998135
468,CN(C)CCOC(=O)C1=C(CC2=CC=CN=C2)C2=CC=CC=C2C1,5.219999702
469,O=C(CCN1CCCC2=CC=CC=C21)NC1=CC=C(O)C=C1F,4.19000002
470,CC1CCCCN1C(=O)CCN1CCCC2=CC=CC=C21,5.48999954
471,CC1CC2=CC=CC=C2N1CC(=O)N1CCCC1,4.670000018
472,COC1=CC=C(S(=O)(=O)C2=CC=C(C(C#N)N3CCN(C4CCCCC4)CC3)C=C2)C=C1,8.13667714
473,CCN(CC)CCCCCOC(=O)C(C)(C1=CC=CC=C1)C1CCCCC1,6.609064893
474,COC1=CC=C2CC(CCN(C)C)=C(C(C)C3=CC=CC=N3)C2=C1,5.99000127
475,CC(C1=C(CCN(C)C)CC2=CC=CC=C12)C1=CC=CC=C1,6.589999287
476,C1=CN=C(OC2CN3CCC2C3)C=N1,7.397940009
477,O=C(NCCC1CCNCC1)C1CCCN1C(=O)C1CC(O)CN1C(=O)CC(C1=CC=CC=C1)(C1=CC=CC=C1)C1=CC=CC=C1,5.920818754
478,COC1(C#CC(O)(C2=CC=CC=C2)C2=CN=CN=C2)CN2CCC1CC2,8.698970004
479,COC1(C#CC(O)(C2=CC=CC=C2)C2=CC=CN=C2F)CN2CCC1CC2,8.494850022
480,COC1(C#CC(O)(C2=CC=CC=C2)C2=CC=CN=C2)CN2CCC1CC2,9.102372909
481,COC1(C#CC(O)(C2=CC=C(C)C=C2)C2=CC=C(C)C=C2)CN2CCC1CC2,6.300162274
482,CC1=CC=C2CC(CCN(C)C)=C(C(C)C3=CC=CC=N3)C2=C1,5.710001025
483,C[N+]1(CC(=O)C2=CC=CC=C2)CCC(N2CC(C3=CC=CC=C3)(C3=CC=CC=C3)NC2=O)C1,7.501689446
484,NC1CCN(C(=O)C(O)(C2=CC=CC=C2)C2CCCC2)CC1,7.958607315
485,COC1(C#CC(O)(C2=CC=CC=C2)C2CCCCCC2)CN2CCC1CC2,8.599980365
486,CN(C)C1CCCCC1N(C)CC(=O)N1C2=CC=CC=C2NC(=O)C2=CC=CC=C21,8.460046158
487,CC1OC(=O)C2CC3CCCCC3C(CCCN3CCCC4CCCCC43)C12,7.886056648
488,CC1OC(=O)C2CC3CCCCC3C(CCCN3CCCC(C)(C)C3)C12,6.649751982
489,NCCC1CCN(C(=O)C(O)(C2=CC=CC=C2)C2CCC(F)(F)C2)CC1,6.200659451
490,CC(C1=CC=C(S(=O)(=O)C2=CC=C(S(C)(=O)=O)C=C2)C=C1)N1CCN(C2CCCCC2)CC1,7.443697499
491,C[N+]1(CC2OC2C2=CC=CC=C2)CCC(N2CC(C3=CC=CC=C3)(C3=CC=CC=C3)NC2=O)C1,7.562249437
492,C[N+]1(CCCOC2=CC=CC=C2)CCC(N2CC(C3=CC=CC=C3)(C3=CC=CC=C3)NC2=O)C1,8.053547735
493,CCOC(=O)C1=C(C)NC2=CC=C3OC4C5=C(Cl)C=CC=C5CCN4CC3=C12,5.609999808
494,CC1OC(C2CCCN2C)C[S+]1[O-],4.050000019
495,CC1(CCN)CCN(C(=O)C(O)(C2=CC=CC=C2)C2CCC(F)(F)C2)CC1,6.677780705
496,CCN1CCC(CNC(=O)C2CCCN2C(=O)C2CC(O)CN2C(=O)CC(C2=CC=C(F)C=C2)(C2=CC=C(F)C=C2)C2=CC=C(F)C=C2)CC1,5.886056648
497,COC1=CC=CC(CCN2C3C4C5CC6C7C5C3C7C2(O)C64)=C1OC,5.870310108
498,CC1OC(=O)C2CC3CCCCC3C(=CCC3CCC(C)(C)N3C)C12,7.366531544
499,C=C(C1=CC=C(S(=O)(=O)C2=CC=C(OC)C=C2)C=C1)C1CCN(C2CCN(C(=O)CCC)CC2)CC1,9.420216403
500,COC1=NSN=C1OCCOCCOCCOCCOC1=NSN=C1C1=CCCN(C)C1,8.100015437
501,CN1CCC(OC(=O)C(CO)C2=CC=CC(C(F)(F)F)=C2)CC1,7.511449283
502,CC1OC(=O)C2CC3CCCCC3C(CCCN3CCC4=CC=CC=C4C3)C12,6.735182177
503,C[N+]1(CCCC2=CC=CC=C2)CCC(N2CC(C3=CC=CC=C3)(C3=CC=CC=C3)NC2=O)C1,9.13667714
504,C[N+]1(CC2=CC=CC=C2)CCC(N2CC(C3=CC=CC=C3)(C3=CC=CC=C3)NC2=O)C1,6.053547735
505,C#CCOC(=O)C1=CCCN(C)C1,7.059981845
506,C[N+]1(C)CCC(C2CC[N+](C)(CCCC(O)(C3=CC=CC=C3)C3=CC=CC=C3)CC2)CC1,5.359999833
507,C[N+](C)(CCCC(O)(C1=CC=CC=C1)C1=CC=CC=C1)CC[N+](C)(C)CCCC(O)(C1=CC=CC=C1)C1=CC=CC=C1,4.319999993
508,OC(CCCN1CCN(C2=CC=CC=C2)CC1)(C1=CC=CC=C1)C1=CC=CC=C1,3.34
509,C[N+]1(C)CCN(CCCC(O)(C2=CC=CC=C2)C2=CC=CC=C2)CC1,4.629999966
510,COC1=CC=C([S+]([O-])C2=CC=C(C(C)N3CCN(C4CCCCC4)CC3)C=C2)C=C1,9
511,OC(C1=CC=CC=C1)(C1=CC=CC=C1)C12CC[N+](CCCOC3=CC=CC=C3)(CC1)CC2,9.026872146
512,OC1=CC=CC=C1C1=CN2CCC1CC2,6.48148606
513,C[N+](C)(C)CC1COCC(C2=CC=CC=C2)O1,5.190000154
514,CCC1COCC(C[N+](C)(C)C)O1,5.200000237
515,O=C(NCC1CCCNC1)C1CCCN1C(=O)C1CCCN1C(=O)CC(C1=CC=CC=C1)(C1=CC=CC=C1)C1=CC=CC=C1,5.508638306
516,CC1CN(CCCC2C3CCCCC3CC3C(=O)OC(C)C32)CC(C)O1,6.424812155
517,CC(=O)NC(CCC(N)=O)C(=O)NC(C)C(=O)NC(CC(C)C)C(=O)NCCCCC1CCN(CC(=O)N2C3=CC=CC=C3NC(=O)C3=CC=CC=C32)CC1,6.62000596
518,CC(=O)NC(CC1=CC=C(O)C=C1)C(=O)NC(CCCCN)C(=O)NCCCCC1CCN(CC(=O)N2C3=CC=CC=C3NC(=O)C3=CC=CC=C32)CC1,7.33003263
519,O=C(C1=CC=CS1)N(C1=CC=CC=C1)C1CCN(CC2=CC=CC=C2)CC1,6.699991797
520,OC1(C2=CC=CN=C2)CN2CCC1CC2,4.568636236
521,C1=C(C2=NC3=CC=CC=C3S2)C2CCN1CC2,6.22184875
522,C1=C(C2=CSC3=CC=CC=C23)C2CCN1CC2,7.017728767
523,C=C(C1=CC=C(S(=O)(=O)C2=CC=C(OC)C=C2)C=C1)C1CCN(C2CCN(C(=O)CC3=CC=CC=C3)CC2)CC1,8.524328812
524,COC1=CC=C(S(=O)(=O)C2=CC=C(C(C#N)N3CCN(C4CCCCC4)CC3C)C=C2)C=C1,7.795880017
525,CC1=CC=CC(C(=O)N2CCC(N3CCC(C4(C5=CC=C(C(=O)NC(C)C)C=C5)OCCO4)CC3)CC2)=C1N,8.568636236
526,O=C(C1=CC=CC=C1)N(CC1=CC=CC=C1)C1CCN(CC2=CC=CC=C2)CC1,6.199998172
527,CN(C)CCNC(=O)C1=C(CC2=CC=CN=C2)C2=CC=CC=C2C1,4.399999968
528,CN1CCN2C3=CC=CC=C3CC3=CC=CC=C3C2C1,6.416801226
529,C[N+](C)(C)CC1COC(C2=CC=C(SC3=CC=CC=C3)C=C2)CO1,6.699991797
530,C[N+](C)(C)CC1COC(C2=CC=CC=C2)C(C2=CC=CC=C2)O1,5.720000164
531,O=C1CCCN1CC#CCN1CCCC1,5.749999856
532,C[N+](C)(C)CCCCCC[N+](C)(C)CC#CCOC1=NOCC1,7.040005162
533,CN(C)CC#CCOC1=NOCC1,7
534,O=C(NCC1CCCN(CC2CCCCC2)C1)C1CCCN1C(=O)C1CCCN1C(=O)CC(C1=CC=CC=C1)(C1=CC=CC=C1)C1=CC=CC=C1,9.086186148
535,O=C(NC1=CC=CC=C1C1=CC=CC=C1)OC1CN2CCC1CC2,8.698970004
536,O=C(NC1=CC=C(F)C=C1C1=CC=C(Cl)C=C1)OCC1CCNCC1,6.494850022
537,C[N+]1(C)CCCC1C1=CC=C(C(O)(C2=CC=CC=C2)C2=CC=CC=C2)O1,7.500038134
538,O=C(NC1=CC=C(F)C=C1C1=CC=C(F)C(Cl)=C1)OCC1CCNCC1,8.468521083
539,C[N+]1(CC(=O)NC2=CC=CC=C2)CCC(N2CC(C3=CC=CC=C3)(C3=CC=CC=C3)NC2=O)C1,8.003488328
540,C[N+]12CCC(CC1)C(C1=CC3=CC=CC=C3O1)C2,5.958607315
541,CCOC(=O)CSC1=CC=C(CC2CCN(C3CCN(C(=O)C4=CC=CC5=CC(OCC)=CC=C45)CC3)CC2)C=C1,8.568636236
542,COC1=CC=CC(Cl)=C1C(=O)N1CCC(N2CCC(CC3=CC=C(SC(C)C)C=C3)CC2)CC1,6.625251654
543,CCCCCCC1=C(C(=O)OCC)C2=C3CN4CCC5=CC(OC)=CC=C5C4OC3=CC=C2N1,5.34000018
544,O=C(C1=CC=CS1)N(C1=CC=C(Br)C=C1)C1CCN(CC2=CC=CC=C2)CC1,7.599980365
545,CC(C)(C)NC(=O)C1=CC=C(CC2CCN(C3CCN(C(=O)C4=CC=C(F)C5=CC=CC=C45)CC3)CC2)C=C1,7.744727495
546,O=C(CCC1=CC=CC=C1)N(C1=CC=CC=C1)C1CCN(CC2=CC=CC=C2)CC1,6.099999035
547,O=CC1=CC=C(C2=CN3CCC2CC3)S1,5.585026652
548,CN1C2CCC1CC(OC(=O)NC1=CC=C(F)C=C1C1=CC=CC=C1)C2,7.522878745
549,COC1=CC=C(S(=O)(=O)C2=CC=C(C3(C4CCN(C5CCN(C(=O)C6=CC=CC7=C(F)C=CC(F)=C67)CC5)CC4)OCCO3)C=C2)C=C1,9.537602002
550,CCCS(=O)(=O)N1CCC(N2CCC(C3(C4=CC=C(S(=O)(=O)C5=CC=C6OCOC6=C5)C=C4)OCCO3)CC2)CC1,11
551,NCCNC(=O)CCC1=CN(CCCCC2CCN(CC(=O)N3C4=CC=CC=C4NC(=O)C4=CC=CC=C43)CC2)C=N1,9.230032199
552,CC1(C)C(=CC=CC=CC2=[N+](CCCCS(=O)(=O)[O-])C3=CC=CC=C3C2(C)C)N(CCCCCC(=O)NCCNC(=O)CCC2=CN(CCCCC3CCN(CC(=O)N4C5=CC=CC=C5NC(=O)C5=CC=CC=C54)CC3)C=N2)C2=CC=C(S(=O)(=O)O)C=C21,9.100015437
553,CC1CN(C2CCN(C(=O)C3=C(F)C=CC=C3F)CC2)CCN1C(C)C1=CC=C(S(=O)(=O)C2=CC=C3OCOC3=C2)C=C1,6.453457337
554,CC1CCC(C)N1CCCOC1=CC=C(C2=CC=C(C(=O)N3CCOCC3)C=C2)C=C1,6.030002001
555,O=C(C1=CC=CS1)N(C1=CC=C(Cl)C=C1)C1CCN(CC2=CC=CC=C2)CC1,7.299988938
556,CC(C)(CN1C(=O)C2=CC=CC3=CC=CC(=C23)C1=O)C[N+](C)(C)CCCCCC[N+]1(C)C2CC(OC(=O)C(CO)C3=CC=CC=C3)CC1C1OC12,8.189969214
557,C[N+](C)(C)CC#CCOC1=NOCC1,8.659952682
558,O=C(N1CCNCC1)C(O)(C1=CC=CC=C1)C1CCC(F)(F)C1,5.920818754
559,O=C(NC1CCN(CC2=CC=CC(O)=C2)CC1)C(O)(C1=CC=CC=C1)C1CCC(F)(F)C1,7.431798276
560,O=C(C1=CC=C(Cl)C=C1)N(C1=CC=C(Br)C=C1)C1CCN(CC2=CC=CC=C2)CC1,7.7000571
561,CCC(C1=C(CCN(C)C)CC2=CC(Cl)=CC=C12)C1=CC=CC=N1,6.970007825
562,CCCS(=O)(=O)N1CCC(N2CCC(C3(C4=CC=C([S+]([O-])C5=CC=C6OCOC6=C5)C=C4)SCCS3)CC2)CC1,9.086186148
563,CCC(C1=CC=C(C(F)(F)F)C=C1)N1CCN(C2(C)CCN(C(=O)C3=C(C)N=CN=C3C)CC2)CC1C,5.32330639
564,CC1=CC=CC(CN2CCC(NC(=O)C(O)(C3=CC=CC=C3)C3CCCC3)CC2)=C1,7.15490196
565,CC1=CC=CC=C1C(=O)N1CCC(N2CCC(C3(C4=CC=C(C(=O)NC(C)C)C=C4)OCCO3)CC2)CC1,8.045757491
566,CC(C)NC(=O)C1=CC=C(CC2CCN(C3CCN(C(=O)C4=CC=C(F)C5=C(F)C=CC=C45)CC3)CC2)C=C1,8.045757491
567,CN1CCC(=C2C3=CC=CC=C3CC(=O)C3=C2C=CS3)CC1,6.525783736
568,CCC1(O)CCC2C3CCC4=CCCCC4C3CCC21C,6.982966661
569,CCCS(=O)(=O)N1CCC(N2CCC(C3(C4=CC=C(S(=O)(=O)C5=CC=C6OCOC6=C5)C=C4)OC(C)C(C)O3)CC2)CC1,8.913640169
570,CC[N+](CC)(CC)CCOC1=CC=CC(OCC[N+](CC)(CC)CC)=C1OCC[N+](CC)(CC)CC,6.148130399
571,CN(C)CCN(C)C(=O)C1=CC(=CC2=CC=CN=C2)C2=CC=CC=C12,4.84999986
572,CC1=CC=CC=C1C(=O)N1CCC(N2CCC(CC3=CC=C(C(=O)NC(C)(C)C)C=C3)CC2)CC1,6.974694135
573,C[N+](C)(CC#CCOC1=NOCC1)CCCCCC[N+](C)(C)CCCN1C(=O)C2=CC=CC=C2C1=O,6.690008071
574,C1=CSC(COC2CCNC2)=N1,5.22184875
575,O=C(NC1CCN(CC2=CC=CC(CO)=C2)CC1)C(O)(C1=CC=CC=C1)C1CCC(F)(F)C1,5.161150909
576,CN1CCC(C2CCN(CCCC(O)(C3=CC=CC=C3)C3=CC=CC=C3)CC2)CC1,5.400000186
577,CN(C)CCCN1C2=CC=CC=C2SC2=CC=CC=C21,6.412289035
578,CCCCCCSC1=NC=CN=C1OC1CN2CCC1C2,8.468521083
579,CN(CCCCCCCCN(C)CCCCCCN(CC(=O)N1C2=CC=CC=C2C(=O)NC2=CC=CN=C21)CC(=O)N1C2=CC=CC=C2C(=O)NC2=CC=CN=C21)CCCCCCNCC(=O)N1C2=CC=CC=C2C(=O)NC2=CC=CN=C21,9.519993057
580,CN(C)C1CCCCC1N(C)CC(=O)N1C2=CC=CC=C2NC(=O)C2=CC=CC=C21,8.270025714
581,COC1(C#CC(O)C2C3=CC=CC=C3C=CC3=CC=CC=C32)CN2CCC1CC2,6.199970641
582,COC1(C#CC(O)(C2=CC=C(Cl)C=C2)C2=CC=C(Cl)C=C2)CN2CCC1CC2,6.899629455
583,COC1(C#CC(O)(CC2=CC=CC=C2)C2=CC=CC=C2)CN2CCC1CC2,6.600326279
584,CCN(CC)CCCOC(=O)C(C)(C1=CC=CC=C1)C1CCCCC1,7.705533774
585,NC1=CC=C(CN2CCC(NC(=O)C(O)(C3=CC=CC=C3)C3CCC(F)(F)C3)CC2)N=C1,6.031517051
586,O=C(NC1CCN(CC2=CC=NC=C2)CC1)C(O)(C1=CC=CC=C1)C1CCCC1,5.193820026
587,O=C(OC1CN2CCC1CC2)C1=CC(=CC2=CC=CC=N2)C2=CC=CC=C12,6.490004908
588,CC(C1=C(CCN(C)C)CC2=CC=CC=C12)C1=CC=CC=N1,7.349984048
589,NC1=CC=C(CN2CCC(NC(=O)C(O)(C3=CC=CC=C3)C3CCC(F)(F)C3)CC2)C=C1F,6.508638306
590,CCC1CCCCN1CCCC1C2CCCCC2CC2C(=O)OC(C)C21,6.679853714
591,O=C(NC1CCN(CC2CCCCC2)CC1)C(O)(C1=CC=CC=C1)C1CCC(F)(F)C1,4.677780705
592,CC1CN(C2CCN(C(=O)C3=CC=CC=C3Cl)CC2)CCN1C(C)C1=CC=C(S(=O)(=O)C2=CC=C3OCOC3=C2)C=C1,10
593,COC1(C#CC(O)(C2=CC=C(F)C=C2)C2=CC=C(F)C=C2)CN2CCC1CC2,7.698970004
594,CCCCCC(O)(C#CC1(OC)CN2CCC1CC2)C1=CC=CC=C1,7.397940009
595,O=C(C1CCC1)N(C1=CC=CC=C1)C1CCN(CC2=CC=CC=C2)CC1,6.599997654
596,CC1CCN(CCCC2C3CCCCC3CC3C(=O)OC(C)C32)CC1,6.548213564
597,C1=CC2=C(C=C1)OC(C1CN3CCC1CC3)C2,5.823908741
598,NCC=C1CCN(C(=O)C(O)(C2=CC=CC=C2)C2CCC(F)(F)C2)CC1,7.259637311
599,CCN(CC)CCOC1=CC=C(CN2CCC(C3CCN(CC4=CC=C(C(=O)NC(C)C)C=C4)CC3)CC2)C=C1,9.769551079
600,CC(C)S(=O)(=O)N1CCC(N2CCC(OC3=CC=C(S(=O)(=O)C4=CC=C5OCOC5=C4)C=C3)CC2)CC1,7.853871964
601,CCOC(=O)N1CCC(N2CCC(OC3=CC=C(S(=O)(=O)C4=CC=C5OCOC5=C4)C=C3)CC2)CC1,8.22184875
602,C1=C(C2=CSC=C2)C2CCN1CC2,5.769551079
603,CC1OC(=O)C2CC3CCCCC3C(CCCN3CCSCC3)C12,6.723538196
604,COC1=CC=CC=C1C1=CN2CCC1CC2,6.387216143
605,CC1(C)COC(C[N+](C)(C)C)CO1,4.019999994
606,O=C(NC1CCN(CC2=CC=CC=C2)CC1)C(O)(C1=CC=CC=C1)C1CCCC1,7.522878745
607,O=C(OCOCCN1CCCC1)C1(C2=CC=C(Cl)C(Cl)=C2)CCCCC1,7.13076828
608,O=C(OC1CN2CCC1CC2)C1=CC(=CC2=CC=NC=C2)C2=CC=CC=C12,6.480001471
609,C[N+]1(C)CCCC(OC(=O)C(O)(C2=CC=CC=C2)C2=CC=CC=C2)C1,8.598599459
610,CC1=NC=NC(C)=C1C(=O)N1CCC(C)(N2CCN(C(CC3CC3)C3=CC=C(C(F)(F)F)C=C3)C(C)C2)CC1,5.454445493
611,CC1=NC=NC(C)=C1C(=O)N1CCC(C)(N2CCN(C(C)C3=CC=C(C(F)(F)F)C=C3)C(C)C2)CC1,6.341035157
612,C[N+](C)(C)CC1COC(C2=CC=CC=C2)(C2=CC=CC=C2)CO1,6.749994972
613,C=C(C1=CC=C(S(=O)(=O)C2=CC=C(OC)C=C2)C=C1)C1CCN(C2CCN(S(=O)(=O)C(C)C)CC2)CC1,9.795880017
614,CC1=CC=CC=C1C(=O)N1CCC(N2CCC(CC3=CC=C(C(=O)NC(C)C)C=C3)CC2)CC1,8.15490196
615,NCCN1CCN(C(=O)C(O)(C2=CC=CC=C2)C2CCC(F)(F)C2)CC1,6.086186148
616,COC1(C#CC(O)(C2=CC=CC=C2)C2=CC=NC=C2)CN2CCC1CC2,8.301029996
617,CC(C)NC(=O)C1=CC=C(CC2CCN(C3CCN(C(=O)C4=CC=CC=C4Cl)CC3)CC2)C=C1,7.920818754
618,CC(C)NC(=O)C1=CC=C(CC2CCN(C3CCN(C(=O)C4=CC=NC5=CC=CC=C45)CC3)CC2)C=C1,7.397940009
619,CC(C1=C(CCN(C)C)CC2=CC=C(F)C=C12)C1=CC=CC=N1,6.950007143
620,CC(C)SC1=CC=C(CC2CCN(C3CCN(C(=O)C4=CN=CC=N4)CC3)CC2)C=C1,6.595166283
621,O=C(OCOCCN1CCOCC1)C1(C2=CC=C(Cl)C(Cl)=C2)CCCCC1,5.924818145
622,COC1=CC=CC(CCN2C3C4C5CC6C7C5C3C7C2(O)C64)=C1,5.912928794
623,CCCS(=O)(=O)N1CCC(N2CCC(C3(C4=CC=C(S(=O)(=O)C5=CC=C6OCOC6=C5)C=C4)CCCO3)CC2)CC1,8.294992041
624,COC1=NSN=C1OCCCCCCCCCCCCOC1=NSN=C1C1=CCCN(C)C1,7.799970733
625,CC(C)SC1=CC=C(CC2CCN(C3CCN(C(=O)C4=CC=CC=C4Cl)CC3)CC2)C=C1,6.716698771
626,O=C(O)CSC1=CC=C(CC2CCN(C3CCN(C(=O)C4=CC=CC5=CC=CC=C45)CC3)CC2)C=C1,5.823908741
627,CC(C)SC1=CC=C(CC2CCN(C3CCN(C(=O)C4=CC=CC5=CC(F)=CC=C45)CC3)CC2)C=C1,7.657577319
628,CCN(CCCCC1CCN(CC(=O)N2C3=CC=CC=C3C(=O)N(C(=O)C3=CC=C(F)C=C3)C3=CC=CC=C32)CC1)C(=O)C1=CC=C(F)C=C1,7.328827157
629,CN1CCC(N2CC(C3=CC=CC=C3)(C3=CC=CC=C3)NC2=O)CC1,5.534914712
630,CCN(CC)CCOC1=CC=C(C(=C(Cl)C2=CC=CC=C2)C2=CC=CC=C2)C=C1,5.88941029
631,O=C(NC1CCN(CC2=CSC=C2)CC1)C(O)(C1=CC=CC=C1)C1CCC(F)(F)C1,6.337242168
632,O=C(NCC1CCN(CC2CCCC2)CC1)C1CCCN1C(=O)C1CC(O)CN1C(=O)CC(C1=CC=C(F)C=C1)(C1=CC=C(F)C=C1)C1=CC=C(F)C=C1,7.721246399
633,COC1=CC=C2C(C(C)C3=CC=CC=N3)=C(CCN(C)C)CC2=C1,5.969999718
634,CCOC(=O)C1=C(CC)N(C)C2=CC=C3OC4C5=CC=C(OC)C=C5CCN4CC3=C12,6.149997414
635,CC1=CC=CC(C)=C1C(=O)N1CCC(N2CCN(CC3=CC=C(S(=O)(=O)C4=CC=C5OCOC5=C4)C=C3)CC2)CC1,7.508638306
636,C1=C(C2=CC=CO2)C2CCN1CC2,6.408935393
637,CC1(C)OCC(C[N+](C)(C)C)OC1(C)C,4.330000038
638,OC1(C2=CSC3=CC=CC=C23)CN2CCC1CC2,5.657577319
639,COC1=CC=CC=C1C1(O)CN2CCC1CC2,4.798602876
640,CC1CN(C2CCN(C(=O)C3=CC=C(Cl)C(Cl)=C3)CC2)CCN1C(C)C1=CC=C(S(=O)(=O)C2=CC=C3OCOC3=C2)C=C1,9.096910013
641,COC1=NSN=C1OCCOCCOCCOCCOCCOC1=NSN=C1C1=CCCN(C)C1,8.599980365
642,CCOC(=O)C1=C(CC)N(CC2=CC=CC=C2)C2=CC=C3OC4C5=CC=C(OC)C=C5CCN4CC3=C12,6.429994423
643,NCCCCC1CCN(C(=O)C(O)(C2=CC=CC=C2)C2CCC(F)(F)C2)CC1,5.37675071
644,CCNCCCCC1CCN(CC(=O)N2C3=CC=CC=C3NC(=O)C3=CC=CC=C32)CC1,8.347753659
645,O=C(C1=CC=CC=C1)N(C1=CC=C(Cl)C=C1)C1CCN(CC2=CC=CC=C2)CC1,8.100015437
646,COC1=C(S(=O)(=O)C2=CC=C(C(C)N3CCN(C4CCN(C(=O)C5=CC=CC=C5C)CC4)CC3C)C=C2)C=CC2=C1OCO2,8.522878745
647,C[N+](C)(CCCCCC[N+](C)(C)CCCN1C(=O)C2=CC=CC=C2C1=O)CCCN1C(=O)C2=CC=CC=C2C1=O,6.390000296
648,CCC1(CCN)CCN(C(=O)C(O)(C2=CC=CC=C2)C2CCC(F)(F)C2)CC1,6.522878745
649,CC1OC(=O)C2CC3CCCCC3C(=CCC3CCCC(C)N3C)C12,7.876148359
650,C[N+]1(CC(=O)C2=CC=CC=N2)CCC(N2CC(C3=CC=C(F)C=C3)(C3=CC=C(F)C=C3)NC2=O)C1,6.571865206
651,O=C(CCNC(=O)C1CCCN1C(=O)CC(C1=CC=CC=C1)(C1=CC=CC=C1)C1=CC=CC=C1)NCC1CCCN(CC2CCCCC2)C1,7.920818754
652,CCN(CCCCC1CCN(CC(=O)N2C3=CC=CC=C3NC(=O)C3=CC=CC=C32)CC1)C(=O)C1=CC=C(F)C=C1,7.494850022
653,CC1CN(C2CCN(C(=O)C3=CC=CC4=C3OCO4)CC2)CCN1C(C)C1=CC=C(S(=O)(=O)C2=CC=C3OCOC3=C2)C=C1,10
654,CC1=CC=CC=C1C(=O)N1CCC(N2CCN(C(C)C3=CC=C(S(=O)(=O)C4=CC=C5OCOC5=C4)C=C3)C(C)C2)CC1,9.698970004
655,O=C(OC1C[N+]2(CCCOC3=CC=CC=C3)CCC1CC2)C(O)(C1=CC=CS1)C1=CC=CS1,9.366531544
656,O=C(OC1C[N+]2(CCC3=CC=CC=C3)CCC1CC2)C(O)(C1=CC=CC=C1)C1=CC=CC=C1,8.638272164
657,COC1=CC=C(S(=O)(=O)C2=CC=C(C3(C4CCN(C5CCN(C(=O)C6=CC=C(F)C7=CC=CC=C67)CC5)CC4)OCCO3)C=C2)C=C1,9.292429824
658,COC1=CC=CC2=C1CCC([N+](C)(C)C)C2,5.356547324
659,C[N+](C)(C)CCCC1=CC=C2C=COC2=C1,6.638272164
660,C[N+](C)(C)C1CCC2=CC=C3C=COC3=C2C1,6.102372909
661,COC1=CC=C(F)C(CC[N+](C)(C)C)=C1,6.008773924
662,CCOC1=CC=CC(CC[N+](C)(C)C)=C1,4.568636236
663,CN1CCCC(OCC2=CC=CN=C2)C1,4.337242168
664,CCOC(=O)C1=C(C)N(CC)C2=CC=C3OC4C5=CC=C(OC)C=C5CCN4CC3=C12,6.659992382
665,O=C(NC1=CC=C(F)C=C1C1=CC=C(Br)C=C1)OCC1CCNCC1,6.468521083
666,O=C(NC1=CC=C(F)C=C1C1=CC(F)=C(F)C(F)=C1)OCC1CCNCC1,6.283996656
667,O=C(NC1=CC=C(F)C=C1C1=CC=CC(Cl)=C1)OC1CN2CCC1CC2,7.508638306
668,C[N+]1(C)CCC(COC(=O)NC2=CC=C(F)C=C2C2=CC=C(F)C(Cl)=C2)CC1,7.408935393
669,O=C(NC1=CC=C(F)C=C1C1=CC=CC=C1)NC1CN2CCC1CC2,6.886056648
670,O=C1NC(C2=CC=CS2)(C2=CC=CS2)CN1C1CCN(CC2=CC=CC=C2)CC1,7.014124643
671,COC1=CC=CC2=C1CC([N+](C)(C)C)CC2,6.031517051
672,C[N+](C)(C)CCC1=CC=CC(Cl)=C1,5.318758763
673,O=C1CCC2=CC=CC=C2N1CCCN1CCN(CC2=CC=CC=C2)CC1,5.320000084
674,O=C(OC1C[N+]2(CCCOC3=CC=CC=C3)CCC1CC2)C(O)(C1=CC=CC=C1)C1=CC=CC=C1,9.167491087
675,O=C(OC1C[N+]2(CCCOCC3=CC=CC=C3)CCC1CC2)C(O)(C1=CC=CC=C1)C1=CC=CC=C1,7.920818754
676,CC1CN(C2CCCCC2)CCN1C(C)C1=CC=C(S(=O)(=O)C2=CC=C3OCOC3=C2)C=C1,10.52287875
677,C[N+](C)(C)CC1COC(C2=CC=CC=C2)(C2CCCCC2)CO1,7.260032303
678,CC(C1=C(CCN2CCOCC2)CC2=CC=CC=C12)C1=CC=CC=N1,5.839999931
679,CC(C1=C(CCN2CCCC2)CC2=CC=CC=C12)C1=CC=CC=N1,6.399996913
680,CC1=C(Cl)C(OCC(=O)N2CCN(C)CC2)=NC2=C1C(N)=C(C(=O)NC1CC1)S2,5.039999924
681,CCC(=O)NCC1=CC(C(=O)NCCNC(=O)CCC2=CN(CCCCC3CCN(CC(=O)N4C5=CC=CC=C5NC(=O)C5=CC=CC=C54)CC3)C=N2)=CC(C(=O)NCCNC(=O)CCC2=CN(CCCCC3CCN(CC(=O)N4C5=CC=CC=C5NC(=O)C5=CC=CC=C54)CC3)C=N2)=C1,9.280006174
682,CCOC(=O)N1CCC(N2CCC(C(=O)C3=CC=C(S(=O)(=O)C4=CC=C5OCOC5=C4)C=C3)CC2)CC1,9.886056648
683,CC1=CC=C(C2CCC[N+]2(C)C)O1,5.570000775
684,C1=C(C2=CC=CC=N2)C2CCN1CC2,5.721246399
685,O=C(NCC1CCNCC1)C(O)(C1=CC=CC=C1)C1CCC(F)(F)C1,5.657577319
686,CCN(CC)CCOCOC(=O)C1(C2=CC=C(Cl)C(Cl)=C2)CCCCC1,7.657577319
687,CC1=CC=NC(C)=C1C(=O)N1CCC(C)(N2CCN(C(C)C3=CC=C(C(F)(F)F)C=C3)C(C)C2)CC1,5.602059991
688,O=C1NC(C2=CC=CC=C2)(C2=CC=CC=C2)CN1C1CCCN(CC2=CC=CC=C2)CC1,8.698970004
689,CN1CCN(CC(=O)N2C3=CC=CC=C3C(=O)NC3=CC=CN=C32)C2CCCCC21,6
690,CC(C)(N)COC1=CC=C(NC2=CC=C(CCNCC(O)C3=CC=C(O)C4=C3C=CC(=O)N4)C=C2)C=C1,6.199998172
691,CC(=O)NC(CCCCN)C(=O)NC(C)C(=O)NC(CC1=CC=C(O)C=C1)C(=O)NCCCCC1CCN(CC(=O)N2C3=CC=CC=C3NC(=O)C3=CC=CC=C32)CC1,8.369979149
692,FC(F)(F)C1=CC(OC2=NC=CC3=C2C=CO3)=CC=C1C1=CC=CC2=NC=CN12,5.091514981
693,CN(CCCCCCCCN(C)CCCCCCN(CC(=O)N1C2=CC=CC=C2C(=O)NC2=CC=CN=C21)CC(=O)N1C2=CC=CC=C2C(=O)NC2=CC=CN=C21)CCCCCCNCC(=O)N1C2=NC=CC=C2NC(=O)C2=CC=CN=C21,9.569924944
694,O=C(C1=CC=C(Br)C=C1)N(C1=CC=CC=C1)C1CCN(CC2=CC=CC=C2)CC1,6.199998172
695,CN1CCCC1C1=CC=C(C(C2=CC=CC=C2)C2CCCCC2)O1,6.850011544
696,COC1=NSN=C1OCCOCCOCCOC1=NSN=C1C1=CCCN(C)C1,7.400007822
697,CCN(CC)CCOCCOC(=O)C1(C2=CC=CC=C2)CCCC1,6.777283529
698,NCC1=CC(C(=O)NCCNC(=O)CCC2=CN(CCCCC3CCN(CC(=O)N4C5=CC=CC=C5NC(=O)C5=CC=CC=C54)CC3)C=N2)=CC(C(=O)NCCNC(=O)CCC2=CN(CCCCC3CCN(CC(=O)N4C5=CC=CC=C5NC(=O)C5=CC=CC=C54)CC3)C=N2)=C1,9.569924944
699,NCCN1CCN(CCCCC2CCN(CC(=O)N3C4=CC=CC=C4NC(=O)C4=CC=CC=C43)CC2)CC1,9.739928612
700,O=C(NC1=CC=CC=C1C1=CC=CC=C1)OCC1CCNCC1,7.769551079
701,C[N+]1(C)C2CCC1CC(CC(CO)(C1=CC=CC=C1)C1=CC=CC=C1)C2,8.400007822
702,CC1(C)CN(CCC=C2C3=CC(C(=O)O)=CC=C3OCC3=NC=CC=C23)CC(C2=CC=C(Cl)C=C2)C1O,8.886056648
703,O=C(NCC1CCN(CC2CCC2)CC1)C1CCCN1C(=O)C1CC(O)CN1C(=O)CC(C1=CC=C(F)C=C1)(C1=CC=C(F)C=C1)C1=CC=C(F)C=C1,7.167491087
704,CN1CCC(CNC(=O)C2CCCN2C(=O)C2CC(O)CN2C(=O)CC(C2=CC=C(F)C=C2)(C2=CC=C(F)C=C2)C2=CC=C(F)C=C2)CC1,6.13667714
705,O=C(NCC1CCCNC1)C1CCCN1C(=O)C1CC(O)CN1C(=O)CC(C1=CC=C(F)C=C1)(C1=CC=C(F)C=C1)C1=CC=C(F)C=C1,6.346787486
706,O=C(NCC1CCNCC1)C1CCCN1C(=O)C1CC(O)CN1C(=O)CC(C1=CC=C(Cl)C=C1)(C1=CC=C(Cl)C=C1)C1=CC=C(Cl)C=C1,6.508638306
707,CC1=CC=CC(CN2CCC(NC(=O)C(O)(C3=CC=CC=C3)C3CCC(F)(F)C3)CC2)=C1,6.508638306
708,CCN(CC)CCOCCOC(=O)C1(C2=CC=C(Cl)C=C2)CCCC1,7.013228266
709,CCC(C)C(C(=O)OCCCN(CC)CC)C1=CC=CC=C1,6.935542011
710,COC1=CC=CC=C1CN1CCC(C2CCN(CCCCCCCCN3CCC(C4CCN(CC5=CC=CC=C5OC)CC4)CC3)CC2)CC1,8.065501549
711,COC1=CC=C(CN2CCC(N3CC(C4=CC=CC=C4)(C4=CC=CC=C4)NC3=O)CC2)C=C1,6.30980392
712,O=C1NC(C2=CC=C(F)C=C2)(C2=CC=C(F)C=C2)CN1C1CCN(CC2=CC=CC=C2)CC1,6.684029655
713,CN(C)CCOC(=O)C1=CC(=CC2=CC=NC=C2)C2=CC=CC=C12,4.979999813
714,CC1=CC(CN2CCC(NC(=O)C(O)(C3=CC=CC=C3)C3CCCC3)CC2)=CS1,7.619788758
715,CC1=CC=CC=C1C(=O)N1CCC(N2CCC(CC3=CC=C(C(=O)NC4CCCCC4)C=C3)CC2)CC1,7.823908741
716,CCC(NCC1=CC=CC(C(=O)NCCOC2=CC=CC=C2)=C1)C1=CC=CC=C1,4.346787486
717,O=C(OC1C[N+]2(CCCCOC3=CC=CC=C3)CCC1CC2)C(O)(C1=CC=CC=C1)C1=CC=CC=C1,7.920818754
718,CC1=CC=CC(CCC[N+]23CCC(CC2)C(OC(=O)C(O)(C2=CC=CC=C2)C2=CC=CC=C2)C3)=C1,8.853871964
719,CC(=O)OC1CN2CCC1CC2,5.650000221
720,C[N+](C)(C)CC#CCN1CCCC1=O,6.970007825
721,CC1=CC=CC(C(=O)N2CCC(N3CCC(CC4=CC=C(SC(C)C)C=C4)CC3)CC2)=C1N,7.698970004
722,CC(C)S(=O)(=O)C1=CC=C(CC2CCN(C3CCN(C(=O)C4=CC=CC5=CC=CC=C45)CC3)CC2)C=C1,7.769551079
723,COC1=CC=C(S(=O)(=O)C2=CC=C(CC3CCN(C4CCN(C(=O)C5=CC=C(F)C6=CC=CC=C56)CC4)CC3)C=C2)C=C1,8.886056648
724,CN(C)CCNC(=O)C1=C(CC2=CC=NC=C2)C2=CC=CC=C2C1,4.03
725,CC(C1=C(CCN2CCCCC2)CC2=CC=CC=C12)C1=CC=CC=N1,6.069998999
726,CN1CCN(CCCC(O)(C2=CC=CC=C2)C2=CC=CC=C2)CC1,4.449999987
727,COC1=CC=C(CC(=O)N2CCC3(CC2)CN(C(C)C2=CC=C(C4=NC=CC=N4)C=C2)C3)N=C1,4.700000069
728,CCCS(=O)(=O)N1CCC(N2CCC(C(=O)C3=CC=C([S+]([O-])C4=CC=C5OCOC5=C4)C=C3)CC2)CC1,7.458420756
729,CC(C1=C(CCN(C)C(C)C)CC2=CC=CC=C12)C1=CC=CC=N1,6.84001195
730,CN(C)CCC1=C(CC2=CC=NC=C2)C2=CC=CC=C2C1,5.169999984
731,CCCCC1CCN(CCCN2C(=O)CCC3=CC=CC=C32)CC1,6.690008071
732,O=C1CCC2=CC=CC=C2N1CCCN1CCC(CCCCCO)CC1,6.219999702
733,CCCCCCOC1=NC=CN=C1OC1CN2CCC1C2,7.698970004
734,CN(C)CCNC(=O)C1=C(CC2=CC=CC=N2)C2=CC=CC=C2C1,4.830000114
735,CC(C)SC1=CC=C(CC2CCN(C3CCN(C(=O)C4=CC=NC5=CC=CC=C45)CC3)CC2)C=C1,7.698970004
736,CN1CCC=C(C2=NSN=C2OCCCCCCCCCCCCO)C1,7.799970733
737,OC(CCCN1CCC(C2CCN(CCCC(O)(C3=CC=CC=C3)C3=CC=CC=C3)CC2)CC1)(C1=CC=CC=C1)C1=CC=CC=C1,6.06000179
738,OC(CCCN1CCN(CCCC(O)(C2=CC=CC=C2)C2=CC=CC=C2)CC1)(C1=CC=CC=C1)C1=CC=CC=C1,3.750000002
739,CC(=O)N1C2C=C(CN3C4CCC3CC(NC(=O)NC3=CC(F)=CC(C(F)(F)F)=C3)C4)CC1CCC2,6.552841969
740,CC1CCCN(CCCC2C3CCCCC3CC3C(=O)OC(C)C32)C1,6.505845406
741,CCN(CC)CCCC(C)NC1=C2C=CC(Cl)=CC2=NC2=CC=C(OC)C=C12,6.46470588
742,CSC1=CC=C2SC3=CC=CC=C3N(CCC3CCCCN3C)C2=C1,7.420216403
743,CC1=CC=C(CN2CCC(NC(=O)C(O)(C3=CC=CC=C3)C3CCCC3)CC2)C=C1,7.657577319
744,O=C(NC1CCN(CC2=CSC=C2)CC1)C(O)(C1=CC=CC=C1)C1CCCC1,7.102372909
745,CC1OC(=O)C2C=C3CCCCC3C(C3CC4CCC(C)(C)[N+]4(C)O3)C12,6.744727495
746,COC1=CC=C([S+]([O-])C2=CC=C(C(C#N)C3CCN(C4CCCCC4)CC3)C=C2)C=C1,8.146301788
747,CCOC(=O)N1CCN(C(C)C2=CC=C(S(=O)(=O)C3=CC=CC=C3)C=C2)CC1,6.869666232
748,CC(C)(C)CC(C)(C)C1=CC=C(OCCOCC[N+](C)(C)CC2=CC=CC=C2)C=C1,6.690369833
749,CCN(CC)CCOC(=O)C(C1=CC=CC=C1)N1CCCCC1,5.991399828
750,CCN(CC)CCSC(=O)C(O)(C1=CC=CC=C1)C1=CC=CC=C1,8.269217724
751,COC1=CC=C2C(=C1)CCN1CC3=C(C=CC4=C3C(C3=NC(C)=NO3)=C(C)N4)OC21,5.660000322
752,CCCC1=C(C(=O)OCC)C2=C3CN4CCC5=CC(OC)=CC=C5C4OC3=CC=C2N1C,6.290001172
753,COC1=CC=C(CC(=O)N2CCC3(CC2)CN(C2CCC4=CC(C5=NC=CS5)=CC=C42)C3)N=C1,5.809999052
754,CCCC1=C(C(=O)OCC)C2=C3CN4CCC5=CC(OC)=CC=C5C4OC3=CC=C2N1,5.969999718
755,CN(C)CCN(C)C(=O)C1=CC(=CC2=CC=CC=N2)C2=CC=CC=C12,5.039999924
756,CC(C)NC(=O)C1=CC=C(CC2CCN(C3CCN(C(=O)C4=CC=C(F)C5=CC=CC=C45)CC3)CC2)C=C1,8.677780705
757,C[N+]1(CCCC(O)(C2=CC=CC=C2)C2=CC=CC=C2)CCN(C2=CC=CC=C2)CC1,4.589999963
758,CCN(CC)C1=CC=C(C=CC2=CC=[N+](CCC[N+](CC)(CC)CC)C=C2)C=C1,7.420216403
759,CSC1=CC=C2CC(CCN(C)C)=C(C(C)C3=CC=CC=N3)C2=C1,6.0400004
760,CC1CN(C2CCN(C(=O)C3=C(Cl)C=CC=C3Cl)CC2)CCN1C(C)C1=CC=C(S(=O)(=O)C2=CC=C3OCOC3=C2)C=C1,6.568636236
761,CC1OC(=O)C2CC3CCCCC3C(CCC3CCCC(C)N3C)C12,7.492144128
762,CC1OC(=O)C2CC3CCCCC3C(CCCN3CCCC(O)C3)C12,6.829738285
763,CC1OC(=O)C2CC3CCCCC3C(CCCN3CCN(C)CC3)C12,6.225483034
764,CC(C1=CC=C(S(=O)(=O)C2=CC=CC=C2)C=C1)N1CCN(CCO)CC1,7.585026652
765,COC1=NSC(OCCOCCOCCOCCOC2=NSN=C2C2C=CCCN2C)=N1,7.400007822
766,CN1CCC=C(C2=NSN=C2OCCOCCOCCOCCO)C1,6.499996932
767,O=C(C1=CC=C(Cl)C=C1)N(C1=CC=CC=C1)C1CCN(CC2=CC=CC=C2)CC1,6.199998172
768,C[N+](C)(C)CC1COCC(C2=CC=CC=C2)(C2=CC=CC=C2)O1,7.480040819
769,O=C1NC(CC2=CC=CC=C2)(CC2=CC=CC=C2)CN1C1CCN(CC2=CC=CC=C2)CC1,5.529883647
770,O=C1OC(C2=CC=CC=C2)(C2=CC=CC=C2)CN1C1CCN(CC2=CC=CC=C2)CC1,6.041914151
771,O=C1NC(C2=CC=CC=C2)(C2=CC=CC=C2)CN1C1CCN(CC2=CC=CC=C2)C1,5.643591673
772,CC1=CC=CC(CN2CCC(NC(=O)C(O)(C3=CC=CC=C3)C3CCCC3)CC2)=N1,5.619788758
773,C=C(C1=CC=C(S(=O)(=O)C2=CC=C(OC)C=C2)C=C1)C1CCN(C2CCN(C(=O)OC(C)C)CC2)CC1,9.387004344
774,CON=C(C#N)C1CN2CCC1CC2,6.690008071
775,CC1=NC=CN1CC#CCOC1=NOC=C1,8.439973751
776,CC1OCC(C2CCC[N+]2(C)C)O1,5.300000202
777,CC(C)SC1=CC=C(CC2CCN(C3CCN(C(=O)C4=CC=C5C=CC=CC5=C4)CC3)CC2)C=C1,6.617982957
778,CCCC(C1=CC=C(C(F)(F)F)C=C1)N1CCN(C2(C)CCN(C(=O)C3=C(C)N=CN=C3C)CC2)CC1C,5.322393047
779,CCC(C1=C(CCN(C)C)CC2=CC=CC=C12)C1=CC=CC=N1,7.010016542
780,COC(=O)CSC1=CC=C(CC2CCN(C3CCN(C(=O)C4=CC=CC5=CC=C(F)C=C45)CC3)CC2)C=C1,8.366531544
781,CC1=CC=CC(CN2CCC(NC(=O)C(O)(C3=CC=CC=C3)C3CCC(F)(F)C3)CC2)=N1,4.769551079
782,O=C(OC1CN2CCC1CC2)C1COCC(C2=CC=CC=C2)(C2=CC=CC=C2)O1,6.149997414
783,C1=CC=C(C2(C3=CC=CC=C3)COCC(COC3CN4CCC3CC4)O2)C=C1,7.480040819
784,CC(=O)NC(CC1=CNC2=CC=CC=C12)C(=O)NC(C)C(=O)NC(CC1=CC=C(O)C=C1)C(=O)NCCN1CCN(CCCCC2CCN(CC(=O)N3C4=CC=CC=C4NC(=O)C4=CC=CC=C43)CC2)CC1,10.10001544
785,CC(=O)NC(CC1=CC=C(O)C=C1)C(=O)NC(C)C(=O)NC(CCCCN)C(=O)NCCCCC1CCN(CC(=O)N2C3=CC=CC=C3NC(=O)C3=CC=CC=C32)CC1,8.029978734
786,CCC(=O)NCCCCC1CCN(CC(=O)N2C3=CC=CC=C3NC(=O)C3=CC=CC=C32)CC1,7.100015437
787,CC(=O)NC(CCCCN)C(=O)NC(CC1=CC=C(O)C=C1)C(=O)NCCCCC1CCN(CC(=O)N2C3=CC=CC=C3NC(=O)C3=CC=CC=C32)CC1,8.739928612
788,CC(=O)NC(CCCNC(=N)N)C(=O)NC(CCCCN)C(=O)NCCCCC1CCN(CC(=O)N2C3=CC=CC=C3NC(=O)C3=CC=CC=C32)CC1,7.920095532
789,C[N+]1=C(C=CC=CC=C2N(CCCCCC(=O)NCCCCC3CCN(CC(=O)N4C5=CC=CC=C5NC(=O)C5=CC=CC=C54)CC3)C3=CC=CC=C3C2(C)C)C(C)(C)C2=CC=CC=C21,7.270025714
790,CC1(C)C(=CC=CC=CC2=[N+](CCCCS(=O)(=O)[O-])C3=CC=CC=C3C2(C)C)N(CCCCCC(=O)NCCN2CCN(CCCCC3CCN(CC(=O)N4C5=CC=CC=C5NC(=O)C5=CC=CC=C54)CC3)CC2)C2=CC=CC=C21,8.86998805
791,CCN(CCO)CCCC(C)NC1=CC=NC2=CC(Cl)=CC=C12,5.979224512
792,CCN(CC)CCOC(=O)C(C)(C1=CC=CC=C1)C1=CC=CC=C1,8.031517051
793,CCOC(=O)N1CCC(N2CCC(C3(C4=CC=C(S(=O)(=O)C5=CC=C(OC)C=C5)C=C4)SCCS3)CC2)CC1,9.958607315
794,CC1OC(=O)C2CC3CCCCC3C(CCCNC34CC5CC(CC(C5)C3)C4)C12,7.585026652
795,CCCC1CC(N(C)C(C)C)CCC1N1CCC(NC2=NC=NC3=CC=C(C(F)(F)F)C=C23)C1=O,5.396855627
796,CC(C)OC(=O)CSC1=CC=C(CC2CCN(C3CCN(C(=O)C4=CC=CC5=CC=CC=C45)CC3)CC2)C=C1,7.318758763
797,CN(CCCC(O)(C1=CC=CC=C1)C1=CC=CC=C1)CCN(C)CCCC(O)(C1=CC=CC=C1)C1=CC=CC=C1,3.669999998
798,O=C(CN1CCC2=CC=C(F)C=C21)N1CCCC1,4.300000029
799,O=C1CCON1CC#CCN1CCCC1,7.15490196
800,COC1=CC=CC=C1NCCCCCCNCCCCCCCCNCCCCCCNC1=CC=CC=C1OC,7.983802646
801,NCC(=O)N1CCN(C(=O)C(O)(C2=CC=CC=C2)C2CCC(F)(F)C2)CC1,6.522878745
802,O=C(CCN1CCCC2=CC=CC=C21)NCC1=CC=CC(F)=C1,5.720000164
803,O=C(CCN1CCCC2=CC=CC=C21)NC1=NC=CS1,5.459999813
804,CC1CCN(C(=O)CCN2CCCC3=CC=CC=C32)CC1,7.049976093
805,CC1CCC2=CC=CC=C2N1CC(=O)N1CCCCC1,5.440000066
806,NCC1CCC(NC(=O)C(O)(C2=CC=CC=C2)C2CCC(F)(F)C2)CC1,5.167491087
807,COC1=CC=C(S(=O)(=O)C2=CC=C(C(C)N3CCN(C4CCN(C(=O)C5=CC=CC=C5C)CC4)CC3C)C=C2)C2=C1OCO2,8.327902142
808,COC1=CC=CC(CN2CCC(NC(=O)C(O)(C3=CC=CC=C3)C3CCC(F)(F)C3)CC2)=C1,6
809,CCOC(=O)N(CC)CCCCC1CCN(CC(=O)N2C3=CC=CC=C3NC(=O)C3=CC=CC=C32)CC1,7.43062609
810,O=C(C1=CC=C([N+](=O)[O-])C=C1)N(C1=CC=CC=C1)C1CCN(CC2=CC=CC=C2)CC1,5.400000186
811,COC1(C#CC(O)(C2=CC=CC=C2)C2=CC=CC=N2)CN2CCC1CC2,7.102372909
812,OC(CCN1CCCCC1)(C1=CC=CC=C1)C1CCCCC1,7.920818754
813,CN(C)C1(CNCCC2CCC(CO)CC2)COC2=CC=CC=C2OC1,8.744727495
814,C=CCCCC[N+]1(C)C2CCC1CC(CC(C#N)(C1=CC=CC=C1)C1=CC=CC=C1)C2,10
815,CN(C)CCC1CCN(C(=O)C(O)(C2=CC=CC=C2)C2CCC(F)(F)C2)CC1,4.823908741
816,CCN(CC)CCOCCOCC1(C2=CC=CC=C2)CCCC1,6.073657553
817,O=C(OC1CN2CCC1CC2)C1=CC(=CC2=CC=CN=C2)C2=CC=CC=C12,6.379999358
818,CN(C)C1(CNCCC2CCOCC2)COC2=CC=C(F)C=C2OC1,8.292429824
819,CN(C)C1(CNCCC2CCCC2)COC2=CC=CC=C2OC1,8.619788758
820,O=C(OC1CN2CCC1CC2)C(O)(C1=CC=CC=C1)C1=CC=CC=C1,10.34678749
821,C1=C(C2=CC3=CC=CC=C3S2)C2CCN1CC2,6.568636236
822,O=C(OC1CC2CCCC1N2)C1CCCCC1,5.443697499
823,CC1OC(=O)C2CC3CCCCC3C(CCC3CCC(C)(C)N3C)C12,7.913640169
824,C[N+]12CCC(CC1)C(C1CC3=CC=CC=C3O1)C2,5.585026652
825,O=C(NC1CCN(CC2=CC=CC=N2)CC1)C(O)(C1=CC=CC=C1)C1CCC(F)(F)C1,5.619788758
826,O=C(NC1CCN(CC2=COC=C2)CC1)C(O)(C1=CC=CC=C1)C1CCCC1,5.744727495
827,CN1CCC=C(C2=NSN=C2OCCOCCOCCOCCOC2=NSN=C2C2=CCCN(C)C2)C1,9.89997427
828,CCCS(=O)(=O)N1CCC(N2CCC(C3(C4=CC=C(S(=O)(=O)C5=CC=C(OC)C=C5)C=C4)OCCO3)CC2)CC1,7.477555766
829,CC1CN(C2(C)CCN(C(=O)C3=C(Cl)C=[N+]([O-])C=C3Cl)CC2)CCN1C(C)C1=CC=C(C(F)(F)F)C=C1,6.458420756
830,CCCCCC1=C(C(=O)OCC)C2=C3CN4CCC5=CC(OC)=CC=C5C4OC3=CC=C2N1,5.139999976
831,CCC(=O)OC1CC2CCCC1N2C,5.920818754
832,CCCCC1=C(C(=O)OCC)C2=C3CN4CCC5=CC(SC)=CC=C5C4OC3=CC=C2N1,5.660000322
833,CC1CN(C2(C)CCN(C(=O)C3=C(Cl)C=NC=C3Cl)CC2)CCN1C(C)C1=CC=C(C(F)(F)F)C=C1,5.692290077
834,NCC1CCN(C(=O)C(O)(C2=CC=CC=C2)C2CCCC2)CC1,7.552841969
835,O=C(C1=CC=CS1)N(C1=C(Cl)C=CC=C1Cl)C1CCN(CC2=CC=CC=C2)CC1,5.700000504
836,O=C(C1=CC=CC=C1)N(C1=CC=CC=C1)C1CCN(CC2=CC=CC=C2)CC1,6.499996932
837,O=C(CC1=CC=CC=C1)N(C1=CC=CC=C1)C1CCN(CC2=CC=CC=C2)CC1,6.499996932
838,CC1OC(=O)C2C=C3CCCCC3C(=CCC3CCC(C)(C)N3C)C12,7.167491087
839,COC1=CC=C(CCN(C(=O)OC2CN3CCC2CC3)C2=CC=CC=C2)C=C1OC,6.455931956
840,CC1(N)CCN(C(=O)C(O)(C2=CC=CC=C2)C2CCC(F)(F)C2)CC1,6.193820026
841,CN1CCN(CC(=O)N2C3=CC=CC=C3C(=O)NC3=CC=CN=C32)CC1,6.760000207
842,CCCCC1=C(C(=O)C2=CC(I)=C(OCCN(CC)CC)C(I)=C2)C2=CC=CC=C2O1,5.743282254
843,CN(C)CCOC(C1=CC=CC=C1)C1=CC=CC=C1,6.785156152
844,NC1=CC=C(CN2CCC(NC(=O)C(O)(C3=CC=CC=C3)C3CCC(F)(F)C3)CC2)C=C1,6.657577319
845,CC(C)=CCCN1CCC(NC(=O)C(O)(C2=CC=CC=C2)C2CCC(O)C2)CC1,5.638272164
846,CCN(CC)CCOCCN(C)CC1(C2=CC=CC=C2)CCCC1,5.804377056
847,O=C(NCC1CCN(C2CCCC2)CC1)C1CCCN1C(=O)C1CC(O)CN1C(=O)CC(C1=CC=C(F)C=C1)(C1=CC=C(F)C=C1)C1=CC=C(F)C=C1,6.958607315
848,CC(C)SC1=CC=C(CC2CCN(C3CCN(C(=O)C4=CC=CC5=CC=CC=C45)CC3)CC2)C=C1,9.045757491
849,CCS(=O)(=O)N1CCC(N2CCC(OC3=CC=C(S(=O)(=O)C4=CC=C5OCOC5=C4)C=C3)CC2)CC1,8.698970004
850,CCCS(=O)(=O)N1CCC(N2CCC(OC3=CC=C(S(=O)(=O)C4=CC=C5OCOC5=C4)C=C3)CC2)CC1,8.795880017
851,O=C(C1=CC=CC2=CC=CN=C12)N1CCC(N2CCC(OC3=CC=C(S(=O)(=O)C4=CC=C5OCOC5=C4)C=C3)CC2)CC1,7.920818754
852,O=S(=O)(C1=CC=C(OC2CCN(C3CCN(S(=O)(=O)CC4=CC=CC=C4)CC3)CC2)C=C1)C1=CC=C2OCOC2=C1,7.823908741
853,COC(=O)CCCCCN1CCC(CNC(=O)C2=C3OCCCN3C3=CC=CC=C23)CC1,5.599999383
854,C1=C(C2=CC=C[Se]2)C2CCN1CC2,6.004364805
855,NCC1=CC=CC(CN2CCC(NC(=O)C(O)(C3=CC=CC=C3)C3CCC(F)(F)C3)CC2)=C1,5.468521083
856,COC1=CC=C(S(=O)(=O)C2=CC=C(C(C)N3CCN(C4CCN(C(=O)C5=CC=CC=C5C)CC4)CC3C)C=C2)C(OC)=C1,9.22184875
857,CC(C)NC(=O)C1=CC=C(C2(C3CCN(C4CCN(C(=O)C5=CC=C(F)C6=CC=CC=C56)CC4)CC3)OCCO2)C=C1,8.619788758
858,CC(C1=C(CN(C)C)CC2=CC=CC=C12)C1=CC=CC=N1,7.910094889
859,O=C(OC1C[N+]2(CCCC3=CC=C(OC(F)(F)F)C=C3)CCC1CC2)C(O)(C1=CC=CC=C1)C1=CC=CC=C1,8.585026652
860,C[N+](C)(C)CC1COCC(C2=CC=C(SC3=CC=CC=C3)C=C2)O1,6.710009934
861,C[N+]1(C)CCC(OC(=O)C(C2=CC=CC=C2)C2=CC=CC=C2)CC1,7.638272164
862,CCN(CC)CC1CCCCN1CC(=O)N1C2=CC=CC=C2C(=O)NC2=CC=CN=C21,7.091514981
863,CN(C)CCCN1C2=CC=CC=C2SC2=CC=C(Cl)C=C21,6.634512015
864,CCC(=O)NC1CN(CCCCC2CCN(CC(=O)N3C4=CC=CC=C4NC(=O)C4=CC=CC=C43)CC2)CCN(CCCCC2CCN(CC(=O)N3C4=CC=CC=C4NC(=O)C4=CC=CC=C43)CC2)C1,9.150028088
865,CC1=C(NC2CC2)N=C(C2CC2)N=C1N1CCCCCC1,7.199970641
866,COC1=CC=C(S(=O)(=O)C2=CC=C(C3(C4CCN(C5CCN(C(=O)C6=CC=CC7=C(F)C=C(F)C=C67)CC5)CC4)OCCO3)C=C2)C=C1,9.638272164
867,COC1=CC=C([S+]([O-])C2=CC=C(C(C(N)=O)N3CCN(C4CCCCC4)CC3)C=C2)C=C1,7.397940009
868,C=CCOC(=O)C1=C(C)NC2=CC=C3OC4C5=CC=C(OC)C=C5CCN4CC3=C12,5.969999718
869,CCN(CC)CCOC(=O)C1(C2CCCCC2)CCCCC1,7.795880017
870,O=C(NC1=CC=C2CNCC2=C1)C(O)(C1=CC=CC=C1)C1CCC(F)(F)C1,4.823908741
871,NCC1=CC=C(NC(=O)C(O)(C2=CC=CC=C2)C2CCC(F)(F)C2)C=C1,5.27572413
872,O=C1NC(C2=CC=CC=C2)(C2=CC=CC=C2)CN1C1CCN(CC2=CC=CC(O)=C2)CC1,7.319664487
873,O=C1NC(C2=CC=CC=C2)(C2=CC=CC=C2)CN1C1CCN(CC2=CC=CC(Cl)=C2)CC1,6.484126156
874,O=C1NC(C2=CC=CC=C2)(C2=CC=CC=C2)CN1C1CCN(CC2=CC=CS2)CC1,6.032920266
875,O=C1NC(C2=CC=CC=C2)(C2=CC=CC=C2)CN1C1CCN(CCOC2=CC=CC=C2)CC1,6.484126156
876,O=C1NC(C2=CC=CC=C2)(C2=CC=CC=C2)CN1C1CCN(CCC2=CC=CC=C2)CC1,6.386158178
877,CCC(=O)NCCNC(=O)CCC1=CN(CCCCC2CCN(CC(=O)N3C4=CC=CC=C4NC(=O)C4=CC=CC=C43)CC2)C=N1,9.119186408
878,CCC(=O)NC1CN(CCCCC2CCN(CC(=O)N3C4=CC=CC=C4NC(=O)C4=CC=CC=C43)CC2)CCN(CCCCC2CCN(CC(=O)N3C4=CC=CC=C4NC(=O)C4=CC=CC=C43)CC2)C1,9.148741651
879,CCC1C(=O)OCC1CC1=CN=CN1C,4.920000157
880,CC1=NC=CN1CC#CCN1CCCC1=O,6.989997026
881,COC1(C#CC(C)(C2=CC=CC=C2)C2=CC=CC=C2)CN2CCC1CC2,7.400007822
882,CN(C)CCCN1C2=CC=CC=C2CCC2=CC=C(Cl)C=C21,7.065501549
883,CN1CCN(CCCN2C3=CC=CC=C3SC3=CC=C(Cl)C=C32)CC1,5.955852379
884,CN(C)CCC=C1C2=CC=CC=C2COC2=CC=CC=C12,7.036212173
885,CN(CC1=CC=CN=C1)C1C2C3CC4C2C(=O)C2C4C3C21,5.053253065
886,O=C(CCN1CCCC2=CC=CC=C21)NC1=CC=CC2=CC=CC=C12,6.0400004
887,CC1CCCC(C)N1C(=O)CCN1CCCC2=CC=CC=C21,5.320000084
888,O=C(CN1CCCC2=CN=CC=C21)N1CCCC1,4.360000032
889,CN1CCC(=C2C3=CC=CC=C3C=CC3=CC=CC=C23)CC1,7.920818754
890,C[N+](C)(C)CCC1=CC=CC(O)=C1,4.853871964
891,COC1=NC2=C(C(C)=C1Cl)C(N)=C(C(=O)NC1CC1)S2,6.799998135
892,CN1CCC=C(C2=NSN=C2OCCCCCCCCCCCC2CCN(CCCN3C(=O)CCC4=CC=CC=C43)CC2)C1,7.049976093
893,CC1=NC(C(F)(F)F)=NC(C)=C1C(=O)N1CCC(C)(N2CCN(C(C)C3=CC=C(C(F)(F)F)C=C3)C(C)C2)CC1,6.212539525
894,COC1=CC=CC(CCC[N+](C)(C)C)=C1,6.200659451
895,C[N+]1(C)CCC(OCC2=NC=CS2)C1,5
896,C[N+]1(C)C2CCC1CC(OC(=O)C(CO)C1=CC=CC=C1)C2,8.739928612
897,C1=CC=C(CCNC2C3C4CC5C6C4CC3C6C52)N=C1,5.554707231
898,CC1COC(C[N+](C)(C)C)CO1,4.950000176
899,C1CCC(CNC2C3C4CC5C6C4CC3C6C52)CC1,5.995678626
900,FC1=CC=CC(CCNC2C3C4CC5C6C4CC3C6C52)=C1,5.640733835
901,CN(CCC1=CC=CC=C1)C1C2C3CC4C2C(=O)C2C4C3C21,5.712422191
902,CN(CC1=CC=CC=C1)C1C2C3CC4C2C(=O)C2C4C3C21,6.324221658
903,O=C(OCCCC1=CC=C(Cl)C(Cl)=C1)N(C1=CC=CC=C1)C1CN2CCC1CC2,6.522878745
904,O=C(OC1C[N+]2(CCCC3=CC=CC(Br)=C3)CCC1CC2)C(O)(C1=CC=CC=C1)C1=CC=CC=C1,8.036212173
905,O=C(CCN1CCCC2=CC=CC=C21)NC1=CC=CC2=CC=CN=C12,6.20999648
906,O=C(C1=CC=CC=C1)N(C1=CC=C(Br)C=C1)C1CCN(CC2=CC=CC=C2)CC1,8.299988938
907,OCCN1CCN(CCCN2C3=CC=CC=C3SC3=CC=C(C(F)(F)F)C=C32)CC1,5.575118363
908,CC(CN1C2=CC=CC=C2SC2=CC=CC=C21)N(C)C,7.920818754
909,C1=C(C2=COC3=CC=CC=C23)C2CCN1CC2,7.004364805
910,CCN(CC)CCOCNC(=O)C1(C2=CC=C(Cl)C(Cl)=C2)CCCCC1,6.301029996
911,COC1=CC2=C(C=C1S(=O)(=O)C1=CC=C(C(C)N3CCN(C4CCN(C(=O)C5=CC=CC=C5C)CC4)CC3C)C=C1)OCO2,7.27572413
912,O=C(CCN1CCCC2=CC=CC=C21)NCC1=CC=CO1,5.909999566
913,O=C(CCN1CCCC2=CC=CC=C21)N1CCCC1CO,5.290000325
914,O=C(CCN1CCCC2=CC=CC=C21)N1CCC(O)CC1,4.879999914
915,O=C(CN1CCCC2=CC=CC=C21)N1CCCC1,6.40999458
916,CC1=CC=C2C(=C1)CCCN2CC(=O)N1CCCCC1,4.730000032
917,CN(C)CCNC(=O)C1=CC(=CC2=CC=CN=C2)C2=CC=CC=C12,4.530000033
918,O=C(NC1CCN(CC2=CC=CC=C2)CC1)C(O)(C1=CC=CC=C1)C1CCC(F)(F)C1,6.585026652
919,O=C(NC1CCN(CC2CCCCCC2)CC1)C(O)(C1=CC=CC=C1)C1CCCC1,5.508638306
920,CCCCCCCCC1=CC=C(O)C=C1,5.353400248
921,CCOCC(=O)N1CCC(N2CCC(OC3=CC=C(S(=O)(=O)C4=CC=C5OCOC5=C4)C=C3)CC2)CC1,7.747146969
922,CCN1C(CCC2C3CCCCC3CC3C(=O)OC(C)C32)CCC1(C)C,6.347753659
923,O=C(C1=CC=CC=C1)N(C1=CC=C(O)C=C1)C1CCN(CC2=CC=CC=C2)CC1,7.100015437
924,CCC(C)C(COC(CC1=CC=CC=C1)C(=O)NC(CCS(C)(=O)=O)C(=O)OC(C)C)NCC(N)CS,5.896880746
925,C1=COC(C2CN3CCC2CC3)=C1,5.823908741
926,OC1(C2=CC3=CC=CC=C3S2)CN2CCC1CC2,5.37675071
927,C[N+]12CCC(CC1)C(O)(C1=CC3=CC=CC=C3O1)C2,5.259637311
928,O=C(NC1CCN(CC2=CC=CC=N2)CC1)C(O)(C1=CC=CC=C1)C1CCCC1,6.494850022
929,O=C(C1CCC1)N(C1=CC=C(Br)C=C1)C1CCN(CC2=CC=CC=C2)CC1,7.7000571
930,CC1CN(C2CCN(C(=O)C3=CC=CC=C3O)CC2)CCN1C(C)C1=CC=C(S(=O)(=O)C2=CC=C3OCOC3=C2)C=C1,9
931,CCN(C)C(=O)C1=C(C)NC2=CC=C3OC4C5=CC=C(OC)C=C5CCN4CC3=C12,5.390000296
932,CCCCC1CCN(CCCC(=O)C2=CC=CC=C2C)CC1,6.008773924
933,CC(C)=CCCN1CCC(NC(=O)C(O)(C2=CC=CC=C2)C2CCCC2)CC1,6.30980392
934,CC1=CC(OCC#CCN(C)C)=NO1,5.420673796
935,CC(C)=CCCN1CCC(NC(=O)C(O)(C2=CC=CC=C2)C2CCC(F)C2)CC1,5.638272164
936,O=C(N1CCC(CCN2CCCCC2)CC1)C(O)(C1=CC=CC=C1)C1CCC(F)(F)C1,4.443697499
937,OC1(C2=CC3=CC=CC=C3O2)CN2CCC1CC2,5.568636236
938,O=C(NCCC1CCNCC1)C(O)(C1=CC=CC=C1)C1CCC(F)(F)C1,5.408935393
939,CC(=O)NC(CC1=CNC2=CC=CC=C12)C(=O)NC(C)C(=O)NC(CC1=CC=C(O)C=C1)C(=O)NCCCCC1CCN(CC(=O)N2C3=CC=CC=C3NC(=O)C3=CC=CC=C32)CC1,7.7000571
940,C=C(C1=CC=C(SC2=CC=C(OC)C=C2)C=C1)C1CCN(C2CCCCC2)CC1,9.431798276
941,C[N+](C)(C)CC1COCC(C2=CC=C([S+]([O-])C3=CC=CC=C3)C=C2)O1,6.379999358
942,C[N+](C)(C)CC1COC(C(C2=CC=CC=C2)C2=CC=CC=C2)CO1,6.06000179
943,O=C(C1=CC=CC=C1)N1CCC(N2CCC(OC3=CC=C(S(=O)(=O)C4=CC=C5OCOC5=C4)C=C3)CC2)CC1,8.795880017
944,CC1=CC(C=CC=CC2=CC=C(N(C)C)C=C2)=CC(C)=[N+]1CCN1CCN(CCCCC2CCN(CC(=O)N3C4=CC=CC=C4NC(=O)C4=CC=CC=C43)CC2)CC1,8.519993057
945,CC1(C)COCC(C[N+](C)(C)C)O1,4.739999966
946,CNC1CCC(C2=CC=C(Cl)C(Cl)=C2)C2=CC=CC=C21,6.007004902
947,CN1CC2CC(OC(=O)C(C)(C3=CC=CC=C3)C3=CC=CC=C3)CC1C2,9.326058001
948,CCN(CC)CCOCCOC(=O)C1(C2=CC=CC=C2)CCCCC1,6.838631998
949,CCN(CC)CCOCCNCC1(C2=CC=CC=C2)CCCC1,5.643782866
950,CC1=CC=CC=C1C(=O)N1CCC(N2CCN(C(C)C3=CC=C(S(=O)(=O)C4=CC=CC(C(F)(F)F)=C4)C=C3)C(C)C2)CC1,8.744727495
951,CCN(CC)CCOCCOC(=O)C1(C2=CC=C(OC)C=C2)CCCC1,6.159893906
952,O=C(CCNC(=O)CNC(=O)CC(C1=CC=CC=C1)(C1=CC=CC=C1)C1=CC=CC=C1)NCC1CCCN(CC2CCCCC2)C1,7.522878745
953,COC1=CC=CC=C1CN1CCC(C2CCN(C(=O)CCCCCCC(=O)N3CCC(C4CCN(CC5=CC=CC=C5OC)CC4)CC3)CC2)CC1,8.036212173
954,O=C1CCC2=CC=CC=C2N1CCCN1CCC(CCCCCCCCCO)CC1,6.669992299
955,C[N+]12C=C(C3=CC4=CC=CC=C4O3)C(CC1)CC2,6.337242168
956,COC1=CC=C(S(=O)(=O)C2=CC=C(C3(C4CCN(C5CCN(C(=O)C6=CC=CC7=C(Br)C=CC=C67)CC5)CC4)OCCO3)C=C2)C=C1,9.292429824
957,CN1C2CCC1CC(OC(C1=CC=CC=C1)C1=CC=CC=C1)C2,8.435570673
958,CN(C)CCNC(=O)C1=CC(=CC2=CC=NC=C2)C2=CC=CC=C12,4.800000053
959,CN1CCCC1CCOC(C)(C1=CC=CC=C1)C1=CC=C(Cl)C=C1,6.929999096
960,CC(=C1CCN(C2CCN(C(=O)C3=CC=CC(C)=C3N)CC2)CC1)C1=CC=C(S(=O)(=O)C(C)C)C=C1,7.494850022
961,CN1C2CCC1CC(OC(=O)C(O)C1=CC=CC=C1)C2,7.124938737
962,CCN(CCCCC1CCN(CC(=O)N2C3=CC=CC=C3NC(=O)C3=CC=CC=C32)CC1)C(=O)C1=CC=CC(I)=C1,6.954677021
963,O=C(C1=CC=CC=C1)N(C1=CC=C(Cl)C(Cl)=C1)C1CCN(CC2=CC=CC=C2)CC1,7.7000571
964,CN(C)C1=CC=C(C(=C2C=CC(=[N+](C)C)C=C2)C2=CC=C(N(C)C)C=C2)C=C1,6.294136288
965,CN(C)CCC1=C(C(C)(C)C2=CC=CC=N2)C2=CC=CC=C2C1,7.809948582
966,CC(C)NC(=O)C1=CC=C(CC2CCN(C3CCN(C(=O)C4=CC=CC5=C4C=CN5)CC3)CC2)C=C1,8.795880017
967,CC(C1=C(CCCN(C)C)CC2=CC=CC=C12)C1=CC=CC=N1,6.579994715
968,CN(C)CCOC(=O)C1=CC(=CC2=CC=CN=C2)C2=CC=CC=C12,5.130000141
969,O=C1CCC2=CC=CC=C2N1CCCN1CCC(CCCO)CC1,5.48999954
970,COC1=CC=C(S(=O)(=O)C2=CC=C(C3(C4CCN(C5CCN(C(=O)C6=CC=CC7=CC=CC(F)=C67)CC5)CC4)OCCO3)C=C2)C=C1,9.004364805
971,CC1=CC=CC=C1C(=O)N1CCC(N2CCN(C(C)C3=CC=C(CC4=CC=C5OCOC5=C4)C=C3)C(C)C2)CC1,7.455931956
972,CN1C=CC2=C(NC(=O)CCN3CCCC4=CC=CC=C43)C=CC=C21,5.639999555
973,O=C(CCN1CCCC2=CC=CC=C21)NC1=CC=C(Cl)C=C1,5.480000159
974,CC(C)(C)OC(=O)N1CCN(CC(=O)N2C3=CC=CC=C3C3=CC=CC=C32)CC1,4.639999934
975,CC1CN(C2CCN(C(=O)C3CC3)CC2)CCN1C(C)C1=CC=C(S(=O)(=O)C2=CC=C3OCOC3=C2)C=C1,8.886056648
976,C1OCC2(CN3CCC2CC3)O1,4.301029996
977,COC1=CC=C(S(=O)(=O)C2=CC=C(C(C#N)C3CCN(C4CCCCC4)CC3)C=C2)C=C1,8.886056648
978,O=C(OC1CC2CCC(C1)[N+]21CCCC1)C(O)(C1=CC=CC=C1)C1=CC=CC=C1,8.940058112
979,CN1CCC=C(C2=NSN=C2OCCCCCCCCCCCCCC2CCN(CCCN3C(=O)CCC4=CC=CC=C43)CC2)C1,7.070019409
980,CC1=C(C2=CC=C(OC3=NC=CC4=C3C=CO4)C=C2C(F)(F)F)N2C=CN=C2C=N1,5.13667714
981,CN1CC=C(C2=NSN=C2OCCCN2CCN(CCCCC3CCN(CC(=O)N4C5=CC=CC=C5NC(=O)C5=CC=CC=C54)CC3)CC2)CC1,10.10001544
982,C[N+]12CCC(CC1)C(OC(=O)NC1=CC=CC=C1C1=CC=CC=C1)C2,8.769551079
983,CN(C)CCC1=CC(=CC2=CC=CC=N2)C2=CC=CC=C12,4.900000142
984,CC[N+](CC)(CC)CCOC(=O)C(C1=CC=CC=C1)C1=CC=CC=C1,6.131943638
985,CC[N+](C)(CC)CCOC(=O)C(O)(C1=CC=CC=C1)C1=CC=CC=C1,8.812479279
986,CCN(CC)CCOC(=O)C1=CC=CC=C1SC1=CC=C(Cl)C=C1,5.872895202
987,CC(C)(N)CC1CCN(C(=O)C(O)(C2=CC=CC=C2)C2CCC(F)(F)C2)CC1,6
988,CN1C2CC(OC(=O)NC3=CC=C(F)C=C3C3=CC=CC=C3)CC1C1OC12,7.327902142
989,O=C(CNC(=O)C1CCCN1C(=O)CC(C1=CC=CC=C1)(C1=CC=CC=C1)C1=CC=CC=C1)NCC1CCCN(CC2CCCCC2)C1,7.886056648
990,C=CCOC(=O)C1=C(C)N(CC2=CC=C(OC)C=C2)C2=CC=C3OC4C5=CC=C(OC)C=C5CCN4CC3=C12,6.62000596
991,C1=CC=C(CN2C3CC4CC(C3)CC2C4)C=C1,5.366127737
992,CC1=CC=CC=C1C(=O)N1CCC(N2CCC(CC3=CC=C(C(=O)NC4=CC=CC=C4)C=C3)CC2)CC1,6.913640169
993,CC1=CC=CC(C(=O)N2CCC(N3CCC(CC4=CC=C(C(=O)NC(C)C)C=C4)CC3)CC2)=C1N,8.045757491
994,N#CC1=CC=C(C2=CC(F)=CC=C2NC(=O)OCC2CCNCC2)C=C1,4.552841969
995,C[N+]12CCC(CC1)C(OC(=O)NC1=CC=C(F)C=C1C1=CC=CC(Cl)=C1)C2,8.48148606
996,CC1=C(N)C=CC=C1C(=O)N1CCC(N2CCC(CC3=CC=C(C(=O)NC(C)C)C=C3)CC2)CC1,8.795880017
997,NC1CCN(C(=O)C(O)(C2=CC=CC=C2)C2CCC(F)(F)C2)CC1,6.619788758
998,CC(C)NC(=O)C1=CC=C(CC2CCN(C3CCN(C(=O)C4=CC=CC=C4N)CC3)CC2)C=C1,7.107905397
999,C[N+](C)(C)CC1COC(C2=CC=C(C3=CC=CC=C3)C=C2)CO1,5.48999954
1000,C[N+](C)(C)CC1COC(C2=CC=C([S+]([O-])C3=CC=CC=C3)C=C2)CO1,6.379999358
1001,COC1=CC=CC2=C1CC(N(C)C)CC2,5.920818754
1002,CC(=O)NC(CC1=CNC2=CC=CC=C12)C(=O)NC(CC1=CC=C(O)C=C1)C(=O)NCCN1CCN(CCCCC2CCN(CC(=O)N3C4=CC=CC=C4NC(=O)C4=CC=CC=C43)CC2)CC1,9.830031826
1003,CC(=O)NC(CCC(N)=O)C(=O)NC(CC(C)C)C(=O)NCCN1CCN(CCCCC2CCN(CC(=O)N3C4=CC=CC=C4NC(=O)C4=CC=CC=C43)CC2)CC1,9.619969752
1004,CC1=CC=C(CCC[N+]23CCC(CC2)C(OC(=O)C(O)(C2=CC=CC=C2)C2=CC=CC=C2)C3)C=C1,8.958607315
1005,CCN(CC)CCOC(=O)C(O)(C1=CC=CC=C1)C1=C(C)C=CC=C1C,6.550521601
1006,O=C(OC1CN2CCC1CC2)N1CCC2=CC=CC=C2C1C1=CC=CC=C1,6.919987153
1007,CC(C)(CN1C(=O)C2=CC=CC=C2C1=O)C[N+](C)(C)CCCCCC[N+]1(C)C2CCC1CC(OC(=O)C(CO)C1=CC=CC=C1)C2,8.010016542
1008,CCCCS(=O)(=O)N1CCC(N2CCN(C(C)C3=CC=C(S(=O)(=O)C4=CC=C5OCOC5=C4)C=C3)C(C)C2)CC1,9.698970004
1009,CC1CN(C2CCN(S(=O)(=O)C3=CC=CC=C3)CC2)CCN1C(C)C1=CC=C(S(=O)(=O)C2=CC=C3OCOC3=C2)C=C1,9.096910013
1010,ClC1=CC=C(COC(CN2C=CN=C2)C2=CC=C(Cl)C=C2Cl)C(Cl)=C1,5.811915626
1011,COC1=CC=C(CCCN2CCC(CCC(=O)C3=CC(Cl)=C(N)C4=C3OCCO4)CC2)C=C1OC,5.899998417
1012,CC1=CC=CC(C)=C1C(=O)N1CCC(N2CCN(C(C)C3=CC=C(CC4=CC=C5OCOC5=C4)C=C3)C(C)C2)CC1,6.119186408
1013,COC1(C#CC(O)(C2=CC=CC=C2)C2=CC=CN=N2)CN2CCC1CC2,7.397940009
1014,COC1(C#CC(O)(C2=CC=CN=C2)C2=CC=CN=C2)CN2CCC1CC2,7
1015,COC1(C#CC(O)(C2=CC=CC(F)=C2)C2=CC=CC(F)=C2)CN2CCC1CC2,8.301029996
1016,CCCCC(O)(C#CC1(OC)CN2CCC1CC2)C1=CC=CC=C1,7.602059991
1017,COC1(C#CC(O)(C2=CC=CC=C2)C2CCCC2)CN2CCC1CC2,8.494850022
1018,CC(C1=C(CCN(C)CCF)CC2=CC=CC=C12)C1=CC=CC=N1,7.489991487
1019,O=C(NC1CCN(CC2CCCCCC2)CC1)C(O)(C1=CC=CC=C1)C1CCC(F)(F)C1,4.769551079
1020,CCOC(=O)N1CCC(N2CCC(C3(C4=CC=C(S(=O)(=O)C5=CC=C(OC)C=C5)C=C4)OCCO3)CC2)CC1,9.795880017
1021,O=C(NC1=CC=CC=C1)C1=CC=C(CC2CCN(C3CCN(C(=O)C4=CC=C(F)C5=CC=CC=C45)CC3)CC2)C=C1,6.982966661
1022,CC(C)NC(=O)C1=CC=C(C2(C3CCN(C4CCN(C(=O)C5=CC=CC=C5Cl)CC4)CC3)OCCO2)C=C1,7.455931956
1023,CC(C)NC(=O)C1=CC=C(CC2CCN(C3CCN(C(=O)C4=CNC5=CC=CC=C45)CC3)CC2)C=C1,8.22184875
1024,CC(=O)NC(CCCCN)C(=O)NC(C)C(=O)NC(CC1=CC=C(O)C=C1)C(=O)NCCN1CCN(CCCCC2CCN(CC(=O)N3C4=CC=CC=C4NC(=O)C4=CC=CC=C43)CC2)CC1,9.759950228
1025,CCN(CC)CCC1=C(C(C)C2=CC=CC=N2)C2=CC=CC=C2C1,7.349984048
1026,CN1CCN(C(=O)C2=CC(=CC3=CC=NC=C3)C3=CC=CC=C23)CC1,4.41000005
1027,C[N+](C)(C)CC1COC(C2=CC=CC=C2)CO1,5.059999796
1028,COC1=CC=CC2=C1C[N+](C)(C)CC2,5.200659451
1029,COC1=CC=CC2=C1CC(C[N+](C)(C)C)CC2,5.886056648
1030,COC1=CC=CC(C(=O)C[N+](C)(C)C)=C1,5.619788758
1031,O=C1CCC2=CC=CC=C2N1CCCN1CCN(C2=CC=CC=C2)CC1,4.779999976
1032,COC1=NSC(OCCCOCCCOCCCOC2=NSN=C2C2=CC=CN=C2)=N1,7.199970641
1033,CC(C)(CCC(C(N)=O)(C1=CC=CC=C1)C1=CC=CC=C1)N1CC(OC2=CC=CC(O)=C2)C1,9.863279433
1034,CC(=O)NC(CC1=CC=C(O)C=C1)C(=O)NC(CCCCN)C(=O)NCCN1CCN(CCCCC2CCN(CC(=O)N3C4=CC=CC=C4NC(=O)C4=CC=CC=C43)CC2)CC1,10.10001544
1035,COC1=CC=CC=C1N1CCN(CCCNC(=O)NN(CC2=CC=CC=C2)C2=CC=CC=C2)CC1,4.853871964
1036,O=C(NC1=CC=C(F)C=C1C1=CC=CC=C1Cl)OCC1CCNCC1,6.008773924
1037,COCC(C1=CC=C(C2=NC=CC=N2)C=C1)N1CC2(CCN(C(=O)CC3=CC=C(OC)C=N3)CC2)C1,5.149999868
1038,CC1=CN2C=C(CC(=O)N3CCC4(CC3)CN(CC3=CC=C(N5N=CC=N5)C=C3Cl)C4)N=C2S1,6.570005616
1039,C[N+](C)(C)CC1COCCO1,5.760000207
1040,CC(C)SC1=CC=C(CC2CCN(C3CCN(C(=O)C4=CC=C(F)C5=CC=CC=C45)CC3)CC2)C=C1,7.657577319
1041,C[N+]1(CC(=O)C2=CC=CC=C2)CCC(N2CC(C3=CC=C(F)C=C3)(C3=CC=C(F)C=C3)NC2=O)C1,7.024568191
1042,O=C(NCCC1CCNCC1)C1CCCN1C(=O)C1CC(O)CN1C(=O)CC(C1=CC=C(F)C=C1)(C1=CC=C(F)C=C1)C1=CC=C(F)C=C1,6.657577319
1043,C[N+]1(CC#CCOC2=NOCC2)CCC2=CC=CC=C21,5.387322082
1044,C[N+]1(CC#CCOC2=NOCC2)CCC2=CC=CC=C2C1,6.324221658
1045,CN1CCN(C(C2=CC=CC=C2)C2=CC=CC=C2)CC1,6.385102784
1046,O=C1CCC2=CC=CC=C2N1CCCN1CCC(CCCCCCCCCC2CCN(CCCN3C(=O)CCC4=CC=CC=C43)CC2)CC1,7.100015437
1047,CC1=CC(OC2=NC=CC3=C2C=CO3)=CC=C1C1=C(C)N=CC2=NC=CN12,5.113509275
1048,CCCC1CCN(CCCN2C(=O)CCC3=CC=CC=C32)CC1,5.720000164
1049,CC1=CC=CC(C)=C1C(=O)N1CCC(C)(N2CCC(CC3=CC=C(Br)C=C3)CC2)CC1,5.878440156
1050,CN(CCCC1=CC=CC(F)=C1)C1C2C3CC4C2C(=O)C2C4C3C21,6.312471039
1051,NC(=O)C(CCCN1CCC(OC2=CC=CC=C2)C1)(C1=CC=CC=C1)C1=CC=CC=C1,7.823908741
1052,O=C(OCC1=CC=CC=C1)N(C1=CC=CC=C1)C1CN2CCC1CC2,6.920818754
1053,O=C(OCC1=CC=C(Cl)C(Cl)=C1)N(C1=CC=CC=C1)C1CN2CCC1CC2,6.657577319
1054,COC1=CC=C(COC(=O)N(C2=CC=CC=C2)C2CN3CCC2CC3)C=C1F,7
1055,COC1=CC=CC=C1N1CCC2(CCN(CCCSC3=NN=C(C4=CC=CC=C4)N3C)CC2)CC1,7.283996656
1056,O=C(OC1C[N+]2(CCCC3=CC=C(F)C=C3)CCC1CC2)C(O)(C1=CC=CC=C1)C1=CC=CC=C1,9.30980392
1057,O=C(OC1C[N+]2(CCCC3=CC=C(Cl)C=C3)CCC1CC2)C(O)(C1=CC=CC=C1)C1=CC=CC=C1,9.958607315
1058,O=C(OC1C[N+]2(CCCC3=CC=C(Br)C=C3)CCC1CC2)C(O)(C1=CC=CC=C1)C1=CC=CC=C1,8.795880017
1059,O=C1C2=C(O)C=CC(O)=C2C(=O)C2=C(NCCNCCO)C=CC(NCCNCCO)=C12,7.108462542
1060,CCCN1CCC=C(C2=CC(C3=CC=C(C)C=C3)=NO2)C1,4.619999985
1061,O=C(CCN1CCCC2=CC=CC=C21)NC1=CC=CC=C1,6.939982457
1062,O=C(CCN1CCCC2=CC=CC=C21)N1CCCC1,6.540004744
1063,O=C(CN1CCCC2=CN=CC=C21)N1CCCCC1,4.389999976
1064,O=C(CN1CCCC2=CC=CC=C21)N1CCCCC1,6.379999358
1065,CN(C)CCC=C1C2=CC=CC=C2CCC2=CC=CC=C12,7.537602002
1066,C[N+]1(CC(=O)C2=CC=CC(F)=C2)CCC(N2CC(C3=CC=C(F)C=C3)(C3=CC=C(F)C=C3)NC2=O)C1,6.966576245
1067,CC1=CC=CC(CN2CCC(N3CC(C4=CC=CS4)(C4=CC=CS4)NC3=O)CC2)=C1,6.970616222
1068,O=C1NC(C2=CC=CC=C2)(C2CCCCC2)CN1C1CCN(CC2=CC=CC(Cl)=C2)CC1,6.288192771
1069,CC1=CC=CC(CN2CCC(N3CC(C4=CC=CC=C4)(C4CCCCC4)NC3=O)CC2)=C1,6.779891912
1070,O=C1NC(C2=CC=CC=C2)(C2=CC=CC=C2)CN1C1CCN(CC2=CC=CC(F)=C2)CC1,6.519993057
1071,O=C1NC(C2=CC=CC=C2)(C2=CC=CC=C2)CN1C1CCN(CC2=CC=CN=C2)CC1,6.519993057
1072,COC1=CC=CC=C1CCN1C2C3C4CC5C6C4C2C6C1(O)C53,6.176525771
1073,CN1CCC=C(C2=NSN=C2OCCCCCC2CCN(CCCN3C(=O)CCC4=CC=CC=C43)CC2)C1,7.960189446
1074,O=C(NC1=CC=C(F)C=C1C1=CC=CC=C1)OCC1CCNCC1,7.283996656
1075,O=C(NC1=CC=C(F)C=C1C1=CC=C(F)C(Cl)=C1)OC1CN2CCC1CC2,7.853871964
1076,C[N+]12CCC(CC1)C(OC(=O)NC1=CC=C(F)C=C1C1=CC=C(F)C(Cl)=C1)C2,8.431798276
1077,C[N+]1(C)CCC(COC(=O)NC2=CC=C(F)C=C2C2=CC=CC(Cl)=C2)CC1,7.086186148
1078,C[N+](C)(C)CC1COC(C2=CC=CC=C2)C(C2=CC=CC=C2)(C2=CC=CC=C2)O1,5.359999833
1079,C[N+](C)(C)CC1COC(C2=CC=C(CC3=CC=CC=C3)C=C2)CO1,5.650000221
1080,O=C1NC(C2=CC=C(F)C=C2)(C2=CC=C(F)C=C2)CN1C1CCN(CC2=CC=CC(Cl)=C2)CC1,6.019996628
1081,O=C(NCC1CCNCC1)C1CCCN1C(=O)C1CC(O)CN1C(=O)CC(C1=CC=C(F)C=C1)(C1=CC=C(F)C=C1)C1=CC=C(F)C=C1,6.30980392
1082,O=C(NCC1CCCNC1)C1CCCN1C(=O)C1CC(O)CN1C(=O)CC(C1=CC=C(Cl)C=C1)(C1=CC=C(Cl)C=C1)C1=CC=C(Cl)C=C1,7
1083,C1=CC2=C(C=C1CNC1C3C4CC5C6C4CC3C6C51)OCO2,5.355167671
1084,C1=CC=C(CCNC2C3C4CC5C6C4CC3C6C52)C=C1,5.988006885
1085,CN(CCC1=CC=CC=N1)C1C2C3CC4C5C3CC2C5C41,5.449404793
1086,CN(CCC1=CC=CC(F)=C1)C1C2C3CC4C2C(=O)C2C4C3C21,5.639785387
1087,O=C(OCCN1CCCC1)N1C2=CC=CC=C2SC2=CC=CC=C21,7
1088,CCN(CC)CCCOC(=O)N1C2=CC=CC=C2SC2=CC=CC=C21,6.657577319
1089,CC1=CC2=C(NC3=CC=CC=C3N=C2N2CCN(C)CC2)S1,7
1090,CC1=CC=CC=C1CN1CCC(NC(=O)C(O)(C2=CC=CC=C2)C2CCCC2)CC1,4.431798276
1091,O=C(NC1CCN(CC2CCCCC2)CC1)C(O)(C1=CC=CC=C1)C1CCCC1,5.48148606
1092,O=C(NC1CCN(CC2=CC=CC(F)=C2)CC1)C(O)(C1=CC=CC=C1)C1CCC(F)(F)C1,6.318758763
1093,CC1OC2(CS1)CN1CCC2CC1,6.069998999
1094,CN1CCC=C(C2=NSN=C2OCCCC2CCN(CCCN3C(=O)CCC4=CC=CC=C43)CC2)C1,7.179995693
1095,CN1CCC=C(C2=NSN=C2OCCCCCCCCCC2CCN(CCCN3C(=O)CCC4=CC=CC=C43)CC2)C1,8.770062314
1096,OC(CCN1CCCCC1)(C1=CC=CC=C1)C1CC2C=CC1C2,7.863279433
1097,O=C(NC1=CC=C(F)C=C1C1=CC(Cl)=CC(Cl)=C1)OCC1CCNCC1,7.15490196
1098,ClC1=CC=C(COC(CN2C=CN=C2)C2=CC=C(Cl)C=C2Cl)C=C1,5.936291441
1099,C[N+]1(CCC2=CC=CC=C2)CCC(N2CC(C3=CC=C(F)C=C3)(C3=CC=C(F)C=C3)NC2=O)C1,7.659555885
1100,CC(C)NC(=O)C1CCCN1C(=O)C1CC(O)CN1C(=O)CC(C1=CC=C(F)C=C1)(C1=CC=C(F)C=C1)C1=CC=C(F)C=C1,5.823908741
1101,O=C(NCC1CCCNC1)C1CCCN1C(=O)C1CC(O)CN1C(=O)CC(C1=CC=CC=C1)(C1=CC=CC=C1)C1=CC=CC=C1,5.431798276
1102,C[N+]12CCC(CC1)C(NC(=O)NC1=CC=C(F)C=C1C1=CC=CC=C1)C2,6.431798276
1103,O=C(NC1=CC=CC=C1C1=CC=C(Cl)C=C1)OCC1CCNCC1,6.920818754
1104,C[N+](C)(CCCC(O)(C1=CC=CC=C1)C1=CC=CC=C1)CCC[N+](C)(C)CCCC(O)(C1=CC=CC=C1)C1=CC=CC=C1,4.920000157
1105,C[N+]1(CCCC(O)(C2=CC=CC=C2)C2=CC=CC=C2)CCCCC1,6.560004526
1106,CC(=O)NC(CCCNC(=N)N)C(=O)NC(CCCCN)C(=O)NCC(=O)NCCCCC1CCN(CC(=O)N2C3=CC=CC=C3NC(=O)C3=CC=CC=C32)CC1,8.830031826
1107,CCN(CC)CCOC(=O)C(O)(C1=CC=CS1)C1CCCCC1,8.100726813
1108,CC(C1=CC=C(S(=O)(=O)C2=CC=C(Cl)C=C2)C=C1)N1CCN(C2CCCCC2)CC1,9.22184875
1109,COC1=CC=C([S+]([O-])C2=CC=C(C(N3CCN(C4CCCCC4)CC3)C(F)(F)F)C=C2)C=C1,8.301029996
1110,CC(C1=CC=C(S(=O)(=O)C2=CC=C(C(C)(C)C)C=C2)C=C1)N1CCN(C2CCCCC2)CC1,7.48148606
1111,CC(C)N(CCOC(=O)C(O)(C1=CC=CC=C1)C1=CC=CC=C1)C(C)C,8.232844134
1112,CC1(C)C(=CC=CC=CC2=[N+](CCCCS(=O)(=O)[O-])C3=CC=CC=C3C2(C)C)N(CCCCCC(=O)NCCCCC2CCN(CC(=O)N3C4=CC=CC=C4NC(=O)C4=CC=CC=C43)CC2)C2=CC=CC=C21,6.850011544
1113,CC1=CC=C(CC(=O)N2CCC3(CC2)CN(C2CCC4=CC(N5N=CC=N5)=CC=C42)C3)N=C1,4.659999925
1114,CN(C)C1(CNCCC2CCC(O)CC2)COC2=CC=CC=C2OC1,8.721246399
1115,CN(C)C1(CNCCC2CCCCC2)COC2=CC=CC=C2OC1,8.207608311
1116,CN(C)C1(CNCC2CCCCC2)COC2=CC=CC=C2OC1,7.920818754
1117,CN(C)C1(CNCCC2=CC=CC=C2)COC2=CC=CC=C2OC1,7.045757491
1118,O=C(OC1C[N+]2(CCSC3=CC=CC=C3)CCC1CC2)C(O)(C1=CC=CC=C1)C1=CC=CC=C1,9.397940009
1119,O=C(OC1C[N+]2(CCCCC3=CC=CC=C3)CCC1CC2)C(O)(C1=CC=CC=C1)C1=CC=CC=C1,7.920818754
1120,COC1=CC=C(CCC[N+]23CCC(CC2)C(OC(=O)C(O)(C2=CC=CC=C2)C2=CC=CC=C2)C3)C=C1,9.040958608
1121,CC(C)(O)CCC(CC(O)C(CC1=CC=CC(F)=C1)NC(=O)C1=CN=C2C=CC=CC2=N1)C(N)=O,5.878440156
1122,O=C(OC1CN2CCC1CC2)N(CCC1=CC=C(F)C=C1)C1=CC=CC=C1,7.886056648
1123,COC1=CC=C(CCN(C(=O)OC2CN3CCC2CC3)C2=CC=CC=C2)C=C1,6.886056648
1124,O=C1CCC2=CC=CC=C2N1CCCN1CCC(CCC2=CC=CC=C2)CC1,6.690008071
1125,CCCCN1CCN(CCCN2C(=O)CCC3=CC=CC=C32)CC1,5.380000399
1126,O=C(OC1C[N+]2(CCCC3=CC=CC(Cl)=C3)CCC1CC2)C(O)(C1=CC=CC=C1)C1=CC=CC=C1,8.677780705
1127,O=C(C1=CC=CC2=NC=CC=C12)N1CCC(N2CCC(OC3=CC=C(S(=O)(=O)C4=CC=C5OCOC5=C4)C=C3)CC2)CC1,9.301029996
1128,CC1=NC=NC(C)=C1C(=O)N1CCC(C)(N2CCN(C(C)C3=CC=C(I)C=C3)C(C)C2)CC1,6.772113295
1129,O=C1CCC2=CC=CC=C2N1CCCN1CCC(CCCCCCCCCCCCCO)CC1,6.320000084
1130,CCC(=O)NCC1=CC(C(=O)NCCNC(=O)CCC2=CN(CCCCC3CCN(CC(=O)N4C5=CC=CC=C5NC(=O)C5=CC=CC=C54)CC3)C=N2)=CC(C(=O)NCCNC(=O)CCC2=CN(CCCCC3CCN(CC(=O)N4C5=CC=CC=C5NC(=O)C5=CC=CC=C54)CC3)C=N2)=C1,9.387216143
1131,C[N+]12CCC(CC1)C(OCC(O)(C1=CC=CC=C1)C1CCCC1)C2,8.20999648
1132,CCN(CC)CCOC(=O)C(C1=CC=CC=C1)C1(O)CCCCC1,7.821023053
1133,C1C2C3CC4C2C(NCC25C6C7C8C6C2C8C75)C2C1C3C42,6.709965389
1134,CCC1=CC=C(CC(=O)N2CCC3(CC2)CN(C2CCC4=CC(C5=NC=CC=N5)=CC=C42)C3)N=C1,4.549999989
1135,C[N+]1(C)CCC(OC(=O)C(O)(C2=CC=CC=C2)C2CCCC2)C1,8.795880017
1136,O=C(OC1C[N+]2(CCCCCC3=CC=CC=C3)CCC1CC2)C(O)(C1=CC=CC=C1)C1=CC=CC=C1,8.148741651
1137,CCN(CC)CCCC(C)NC1=CC=NC2=CC(Cl)=CC=C12,5.330000131
1138,CCN(CC)CCOC(=O)C(C)(C1=CC=CC=C1)C1=CC=C(O)C=C1,9.782516056
1139,C[N+](C)(C)CCC1=CC=C2CCOC2=C1,5.698970004
1140,COC1=CC=CC2=C1CCC(C[N+](C)(C)C)C2,4.853871964
1141,CN1CCC(COCC2=CC=CN=C2)C1,4.408935393
1142,O=C(O)C1CCCN1C(=O)CCN1CCCC2=CC=CC=C21,6.239999953
1143,O=C(CCN1CCCC2=CC=CC=C21)N1CCCCC1CO,5.440000066
1144,CN1CCC=C(C2=NSN=C2OCCCCCCCC2CCN(CCCN3C(=O)CCC4=CC=CC=C43)CC2)C1,8.860120914
1145,O=C(NC1=CC=C(F)C=C1C1=CC=C(F)C=C1)OCC1CCNCC1,7.008773924
1146,COC1=CC=CC(C=CC[N+](C)(C)C)=C1,4.657577319
1147,COC1=CC=CC(C(O)C[N+](C)(C)C)=C1,4.537602002
1148,COC1=CC=C(C2=CC(F)=CC=C2NC(=O)OCC2CCNCC2)C=C1,5.619788758
1149,O=C(NC1=CC=C(F)C=C1C1=CC=C(Cl)C(Cl)=C1)OC1CN2CCC1CC2,7.886056648
1150,O=C(NC1=CC=C(F)C=C1C1=CC=CC(Cl)=C1)OCC1CCNCC1,8.244125144
1151,CC(=O)OC(C)C[N+](C)(C)C,7.229147988
1152,C[N+](C)(C)CCOC(=O)C(C1=CC=CC=C1)C1=CC=CC=C1,6.458420756
1153,CN(CC1=CC=CC(F)=C1)C1C2C3CC4C2C(=O)C2C4C3C21,5.761452112
1154,COC1CN(C(=O)CCN2CCCC3=CC=CC=C32)C1,5.450000476
1155,COC1=CC=C(CC(=O)N2CCC3(CC2)CN(CC2=CC=C(C4=NC=CC=N4)C=C2Cl)C3)C=C1,5.710001025
1156,O=C(OC1C[N+]2(CCCC3=CC=CC(F)=C3)CCC1CC2)C(O)(C1=CC=CC=C1)C1=CC=CC=C1,9.161150909
1157,O=C(OC1C[N+]2(CCCC3=CC=C(C(F)(F)F)C=C3)CCC1CC2)C(O)(C1=CC=CC=C1)C1=CC=CC=C1,9.744727495
1158,CC1(COC2=CC=C(CC3SC(=O)NC3=O)C=C2)CCCCC1,5.124649303
1159,CC(=O)N1CCN(C2=CC=C(OCC3COC(CN4C=CN=C4)(C4=CC=C(Cl)C=C4Cl)O3)C=C2)CC1,5.028353118
1160,CC1(C)C(=CC=CC=CC2=[N+](CCCCS(=O)(=O)[O-])C3=CC=CC=C3C2(C)C)N(CCCCCC(=O)NCC2=CC(C(=O)NCCNC(=O)CCC3=CN(CCCCC4CCN(CC(=O)N5C6=CC=CC=C6NC(=O)C6=CC=CC=C65)CC4)C=N3)=CC(C(=O)NCCNC(=O)CCC3=CN(CCCCC4CCN(CC(=O)N5C6=CC=CC=C6NC(=O)C6=CC=CC=C65)CC4)C=N3)=C2)C2=CC=CC=C21,8.849857838
1161,CC1CCCN1CCC1=CC2=CC(C(=O)C3=CC=C(F)C=C3)=CC=C2O1,6.335358024
1162,CC1(C)C(=CC=CC=CC2=[N+](CCCCS(=O)(=O)O)C3=CC=CC=C3C2(C)C)N(CCCCCC(=O)NCC2=CC(C(=O)NCCN3CCC(N4CCC(N5C(=O)NC6=CC=CC=C65)CC4)CC3)=CC(C(=O)NCCN3CCN(CCCCC4CCN(CC(=O)N5C6=CC=CC=C6NC(=O)C6=CC=CC=C65)CC4)CC3)=C2)C2=CC=C(S(=O)(=O)[O-])C=C21,9.590066877
1163,CCN1CCC(C2=CC=CC=C2)=C(C(=O)OCCCC2=CC=C(OC)C=C2)C1,5.692503962
1164,CN1C=CC(NC(=O)CCN2CCCC3=CC=CC=C32)=N1,5.480000159
1165,O=C(CCN1CCCC2=CC=CC=C21)NC1=CC=CN=N1,5.139999976
1166,O=C(CCN1CCCC2=CC=CC=C21)NC1CCCCC1,7.260032303
1167,O=C(CCN1CCCC2=CC=CC=C21)N1CCCC(CO)C1,6.20999648
1168,CCN1C2=CC=CC=C2C2=CC=C(NCC(=O)N3CCCCC3)C=C21,4.310000017
1169,O=C(CN1CCCC2=CC=C(O)C=C21)N1CCCCC1,4.389999976
1170,CC1CCCCN1CC(=O)N1C2=CC=CC=C2C2=CC=CC=C21,4.019999994
1171,C[N+](C)(C)CCC1=CC=C2C=COC2=C1,6.853871964
1172,C[N+](C)(C)CCC1=CC=CC(OC(F)(F)F)=C1,5.036212173
1173,ClC1=CC(Cl)=CC(N2CCNCC2)=C1,5.100000128
1174,COC1=CC=CC=C1CN1C2C3C4CC5C6C4C2C6C1(O)C53,6.258060922
1175,CC1(C)C(=CC=CC=CC2=[N+](CCCCS(=O)(=O)[O-])C3=CC=CC=C3C2(C)C)N(CCCCCC(=O)NCCNC(=O)CCC2=CN(CCCCC3CCN(CC(=O)N4C5=CC=CC=C5NC(=O)C5=CC=CC=C54)CC3)C=N2)C2=CC=CC=C21,9.029978734
1176,O=C(CCN1CCCC2=CC=CC=C21)N1CCC(O)C1,4.779999976
1177,C[N+](C)(C)CC1COC(C2=CC=C(S(=O)(=O)C3=CC=CC=C3)C=C2)CO1,6.390000296
1178,COC1=CC=CC2=C1CCCC2CCCN1CCN(C2CCCCC2)CC1,5.320000084
1179,O=C(CCN1CCCC2=CC=CC=C21)NCC1=CC=CS1,6.190002845
1180,O=C1CCC2=CC=CC=C2N1CCCN1CCC(CC2=CC=CC=C2)CC1,6.099999035
1181,CC1CCCN(C(=O)CCN2CCCC3=CC=CC=C32)C1,6.390000296
1182,O=C(CCN1CCCC2=CC=CC=C21)N1CCCC(O)C1,5.210000001
1183,CC1CCC2=CC=CC=C2N1CC(=O)N1CCCC1,5.609999808
1184,N=C(N)C1=CC=C(OCCCCCOC2=CC=C(C(=N)N)C=C2)C=C1,6.294992041
